name,CMC,Type,Color,Color Category,Oracle Text,tags,MTGO ID
Archaeomancer,4,Creature - Human Wizard,U,Blue,"When this creature enters, return target instant or sorcery card from your graveyard to your hand.",Azorius Evasion/Flying,49321.0
Behold the Multiverse,4,Instant,U,Blue,"Scry 2, then draw two cards. | Foretell {1}{U} (During your turn, you may pay {2} and exile this card from your hand face down. Cast it on a later turn for its foretell cost.)",Azorius Evasion/Flying,87417.0
Ephemerate,1,Instant,W,White,"Exile target creature you control, then return it to the battlefield under its owner's control. | Rebound (If you cast this spell from your hand, exile it as it resolves. At the beginning of your next upkeep, you may cast this card from exile without paying its mana cost.)",Azorius Evasion/Flying,72386.0
Lyev Skyknight,3,Creature - Human Knight,WU,Multicolored,"Flying | When this creature enters, detain target nonland permanent an opponent controls. (Until your next turn, that permanent can't attack or block and its activated abilities can't be activated.)",Azorius Evasion/Flying,101976.0
Lórien Revealed,5,Sorcery,U,Blue,"Draw three cards. | Islandcycling {1} ({1}, Discard this card: Search your library for an Island card, reveal it, put it into your hand, then shuffle.)",Azorius Evasion/Flying,112030.0
Momentary Blink,2,Instant,UW,Multicolored,"Exile target creature you control, then return it to the battlefield under its owner's control. | Flashback {3}{U} (You may cast this card from your graveyard for its flashback cost. Then exile it.)",Azorius Evasion/Flying,25533.0
Oblivion Ring,3,Enchantment,W,White,"When this enchantment enters, exile another target nonland permanent. | When this enchantment leaves the battlefield, return the exiled card to the battlefield under its owner's control.",Azorius Evasion/Flying,28229.0
Peregrine Drake,5,Creature - Drake,U,Blue,"Flying | When this creature enters, untap up to five lands.",Azorius Evasion/Flying,107619.0
Silver Drake,3,Creature - Drake,UW,Multicolored,"Flying | When this creature enters, return a white or blue creature you control to its owner's hand.",Azorius Evasion/Flying,15255.0
Carrier Thrall,2,Creature - Vampire,B,Black,"When this creature dies, create a 1/1 colorless Eldrazi Scion creature token. It has ""Sacrifice this token: Add {C}.""",Black Aggro,101628.0
Carrion Feeder,1,Creature - Zombie,B,Black,This creature can't block. | Sacrifice a creature: Put a +1/+1 counter on this creature.,Black Aggro,18680.0
Dauthi Slayer,2,Creature - Dauthi Soldier,B,Black,Shadow (This creature can block or be blocked by only creatures with shadow.) | This creature attacks each combat if able.,Black Aggro,9481.0
Gixian Infiltrator,2,Creature - Phyrexian Human,B,Black,"Whenever you sacrifice another permanent, put a +1/+1 counter on this creature.",Black Aggro,104814.0
Loathsome Curator,5,Creature - Gorgon Wizard,B,Black,"Exploit (When this creature enters, you may sacrifice a creature.) | Menace | When this creature exploits a creature, destroy target creature you don't control with mana value 3 or less.",Black Aggro,90555.0
Scurrilous Sentry,4,Creature - Human Knight Rogue,B,Black,"Menace | Whenever this creature enters or attacks, it connives. (Draw a card, then discard a card. If you discarded a nonland card, put a +1/+1 counter on this creature.)",Black Aggro,126233.0
Tithing Blade,2,Artifact,B,Black,"When this artifact enters, each opponent sacrifices a creature of their choice. | Craft with creature {4}{B} ({4}{B}, Exile this artifact, Exile a creature you control or a creature card from your graveyard: Return this card transformed under its owner's control. Craft only as a sorcery.) // At the beginning of your upkeep, each opponent loses 1 life and you gain 1 life.",Black Aggro,118064.0
Tortured Existence,1,Enchantment,B,Black,"{B}, Discard a creature card: Return target creature card from your graveyard to your hand.",Black Aggro,10329.0
Troll of Khazad-dûm,6,Creature - Troll,B,Black,"This creature can't be blocked except by three or more creatures. | Swampcycling {1} ({1}, Discard this card: Search your library for a Swamp card, reveal it, put it into your hand, then shuffle.)",Black Aggro,112132.0
Vampire Lacerator,1,Creature - Vampire Warrior,B,Black,"At the beginning of your upkeep, you lose 1 life unless an opponent has 10 or less life.",Black Aggro,67142.0
Vampire Sovereign,5,Creature - Vampire Noble,B,Black,"Flying | When this creature enters, target opponent loses 3 life and you gain 3 life.",Black Aggro,101678.0
Wither and Bloom,2,Instant,B,Black,"Target creature gets -3/-3 until end of turn. | {1}{B}, Exile this card from your graveyard: Put a +1/+1 counter on target creature you control. Activate only as a sorcery.",Black Aggro,126239.0
Accursed Marauder,2,Creature - Zombie Warrior,B,Black,"When this creature enters, each player sacrifices a nontoken creature of their choice.",Black Control,125599.0
Doom Blade,2,Instant,B,Black,,Black Control,
Falkenrath Noble,4,Creature - Vampire,B,Black,"Flying | Whenever this creature or another creature dies, target player loses 1 life and you gain 1 life.",Black Control,63275.0
Gift of Fangs,1,Enchantment - Aura,B,Black,,Black Control,
Gray Merchant of Asphodel,5,Creature - Zombie,B,Black,"When this creature enters, each opponent loses X life, where X is your devotion to black. You gain life equal to the life lost this way. (Each {B} in the mana costs of permanents you control counts toward your devotion to black.)",Black Control,55089.0
Infestation Sage,1,Creature - Elf Warlock,B,Black,"When this creature dies, create a 1/1 black and green Insect creature token with flying.",Black Control,133696.0
Phyrexian Rager,3,Creature - Horror,B,Black,"When this creature enters, you draw a card and you lose 1 life.",Black Control,66083.0
Unearth,1,Sorcery,B,Black,"Return target creature card with mana value 3 or less from your graveyard to the battlefield. | Cycling {2} ({2}, Discard this card: Draw a card.)",Black Control,72598.0
Unwilling Ingredient,1,Creature - Frog,B,Black,"Menace (This creature can't be blocked except by two or more creatures.) | {2}{B}, Exile this card from your graveyard: You draw a card and you lose 1 life.",Black Control,88657.0
Vendetta,1,Instant,B,Black,Destroy target nonblack creature. It can't be regenerated. You lose life equal to that creature's toughness.,Black Control,36680.0
Voracious Vermin,3,Creature - Rat,B,Black,"When this creature enters, create a 1/1 black Rat creature token with ""This token can't block."" | Whenever another creature you control dies, put a +1/+1 counter on this creature.",Black Control,116550.0
Blood Fountain,1,Artifact,B,Black,"When this artifact enters, create a Blood token. (It's an artifact with ""{1}, {T}, Discard a card, Sacrifice this token: Draw a card."") | {3}{B}, {T}, Sacrifice this artifact: Return up to two target creature cards from your graveyard to your hand.",Black Graveyard,94506.0
Crypt Rats,3,Creature - Rat,B,Black,{X}: This creature deals X damage to each creature and each player. Spend only black mana on X.,Black Graveyard,7509.0
Faceless Butcher,4,Creature - Nightmare Horror,B,Black,"When this creature enters, exile another target creature. | When this creature leaves the battlefield, return the exiled card to the battlefield under its owner's control.",Black Graveyard,17179.0
First-Sphere Gargantua,6,Creature - Horror,B,Black,"When this creature enters, you draw a card and you lose 1 life. | Unearth {2}{B} ({2}{B}: Return this card from your graveyard to the battlefield. It gains haste. Exile it at the beginning of the next end step or if it would leave the battlefield. Unearth only as a sorcery.)",Black Graveyard,72554.0
Grim Bauble,1,Artifact,B,Black,"When this artifact enters, target creature an opponent controls gets -2/-2 until end of turn. | {2}{B}, {T}, Sacrifice this artifact: Surveil 2. (Look at the top two cards of your library, then put any number of them into your graveyard and the rest on top of your library in any order.)",Black Graveyard,136299.0
Gurmag Angler,7,Creature - Zombie Fish,B,Black,Delve (Each card you exile from your graveyard while casting this spell pays for {1}.),Black Graveyard,55472.0
Nested Shambler,1,Creature - Zombie,B,Black,"When this creature dies, create X tapped 1/1 green Squirrel creature tokens, where X is this creature's power.",Black Graveyard,90563.0
Nezumi Linkbreaker,1,Creature - Rat Warlock,B,Black,"When this creature dies, create a 1/1 red Mercenary creature token with ""{T}: Target creature you control gets +1/+0 until end of turn. Activate only as a sorcery.""",Black Graveyard,124103.0
Night's Whisper,2,Sorcery,B,Black,You draw two cards and you lose 2 life.,Black Graveyard,95040.0
Okiba-Gang Shinobi,5,Creature - Rat Ninja,B,Black,,Black Graveyard,
Putrid Goblin,2,Creature - Zombie Goblin,B,Black,"Persist (When this creature dies, if it had no -1/-1 counters on it, return it to the battlefield under its owner's control with a -1/-1 counter on it.)",Black Graveyard,72574.0
Tragic Slip,1,Instant,B,Black,Target creature gets -1/-1 until end of turn. | Morbid — That creature gets -13/-13 until end of turn instead if a creature died this turn.,Black Graveyard,43189.0
Aether Poisoner,2,Creature - Human Artificer,B,Black,"Deathtouch (Any amount of damage this deals to a creature is enough to destroy it.) | When this creature enters, you get {E}{E} (two energy counters). | Whenever this creature attacks, you may pay {E}{E}. If you do, create a 1/1 colorless Servo artifact creature token.",Black Sacrifice,62663.0
Ashes to Ashes,3,Sorcery,B,Black,,Black Sacrifice,
Bone Picker,4,Creature - Bird,B,Black,"This spell costs {3} less to cast if a creature died this turn. | Flying, deathtouch",Black Sacrifice,82190.0
Candy Grapple,2,Instant,B,Black,"Bargain (You may sacrifice an artifact, enchantment, or token as you cast this spell.) | Target creature gets -3/-3 until end of turn. If this spell was bargained, that creature gets -5/-5 until end of turn instead.",Black Sacrifice,116476.0
Carnophage,1,Creature - Zombie,B,Black,"At the beginning of your upkeep, tap this creature unless you pay 1 life.",Black Sacrifice,10655.0
Disfigure,1,Instant,B,Black,Target creature gets -2/-2 until end of turn.,Black Sacrifice,34450.0
Dread Return,4,Sorcery,B,Black,Return target creature card from your graveyard to the battlefield. | Flashback—Sacrifice three creatures. (You may cast this card from your graveyard for its flashback cost. Then exile it.),Black Sacrifice,115405.0
Ecstatic Awakener,1,Creature - Human Wizard,B,Black,"{2}{B}, Sacrifice another creature: Draw a card, then transform this creature. Activate only once each turn.",Black Sacrifice,93154.0
Go for the Throat,2,Instant,B,Black,Destroy target nonartifact creature.,Black Sacrifice,108256.0
Mire Triton,2,Creature - Zombie Merfolk,B,Black,"Deathtouch | When this creature enters, mill two cards and you gain 2 life. (To mill a card, put the top card of your library into your graveyard.)",Black Sacrifice,115447.0
Retrofitted Transmogrant,1,Artifact Creature - Zombie,B,Black,{3}{B}: Return this card from your graveyard to the battlefield tapped with two +1/+1 counters on it.,Black Sacrifice,126229.0
Thorn of the Black Rose,4,Creature - Human Assassin,B,Black,,Black Sacrifice,
Aethersnipe,6,Creature - Elemental,U,Blue,"When this creature enters, return target nonland permanent to its owner's hand. | Evoke {1}{U}{U} (You may cast this spell for its evoke cost. If you do, it's sacrificed when it enters.)",Blue Card Draw,70161.0
Consider,1,Instant,U,Blue,Surveil 1. (Look at the top card of your library. You may put it into your graveyard.) | Draw a card.,Blue Card Draw,93020.0
Counterspell,2,Instant,U,Blue,Counter target spell.,Blue Card Draw,115261.0
Deep Analysis,4,Sorcery,U,Blue,"Target player draws two cards. | Flashback—{1}{U}, Pay 3 life. (You may cast this card from your graveyard for its flashback cost. Then exile it.)",Blue Card Draw,60727.0
Looter il-Kor,2,Creature - Kor Rogue,U,Blue,"Shadow (This creature can block or be blocked by only creatures with shadow.) | Whenever this creature deals damage to an opponent, draw a card, then discard a card.",Blue Card Draw,86511.0
Mirrorshell Crab,7,Artifact Creature - Crab,U,Blue,"Ward {3} (Whenever this creature becomes the target of a spell or ability an opponent controls, counter it unless that player pays {3}.) | Channel — {2}{U}, Discard this card: Counter target spell or ability unless its controller pays {3}.",Blue Card Draw,97044.0
Miscalculation,2,Instant,U,Blue,"Counter target spell unless its controller pays {2}. | Cycling {2} ({2}, Discard this card: Draw a card.)",Blue Card Draw,12607.0
Mist Raven,4,Creature - Bird,U,Blue,"Flying | When this creature enters, return target creature to its owner's hand.",Blue Card Draw,44205.0
Moon-Circuit Hacker,2,Enchantment Creature - Human Ninja,U,Blue,"Ninjutsu {U} ({U}, Return an unblocked attacker you control to hand: Put this card onto the battlefield from your hand tapped and attacking.) | Whenever this creature deals combat damage to a player, you may draw a card. If you do, discard a card unless this creature entered this turn.",Blue Card Draw,97054.0
Opt,1,Instant,U,Blue,Scry 1. (Look at the top card of your library. You may put that card on the bottom.) | Draw a card.,Blue Card Draw,67585.0
Preening Champion,3,Creature - Bird Knight,U,Blue,"Flying | When this creature enters, create a 1/1 blue and red Elemental creature token.",Blue Card Draw,109972.0
Winter Eladrin,3,Creature - Faerie Elf Wizard,U,Blue,"Gust of Wind — When this creature enters, return up to one other target creature to its owner's hand.",Blue Card Draw,100216.0
Displace,3,Instant,U,Blue,"Exile up to two target creatures you control, then return those cards to the battlefield under their owner's control.",Blue Control,61330.0
Ghostly Flicker,3,Instant,U,Blue,"Exile two target artifacts, creatures, and/or lands you control, then return those cards to the battlefield under your control.",Blue Control,87983.0
Man-o'-War,3,Creature - Jellyfish,U,Blue,"When this creature enters, return target creature to its owner's hand.",Blue Control,72482.0
Merfolk Looter,2,Creature - Merfolk Rogue,U,Blue,"{T}: Draw a card, then discard a card.",Blue Control,27410.0
Mistral Singer,3,Creature - Siren,U,Blue,"Flying | Prowess (Whenever you cast a noncreature spell, this creature gets +1/+1 until end of turn.)",Blue Control,81343.0
Murmuring Mystic,4,Creature - Human Wizard,U,Blue,"Whenever you cast an instant or sorcery spell, create a 1/1 blue Bird Illusion creature token with flying.",Blue Control,115313.0
Ponder,1,Sorcery,U,Blue,,Blue Control,
Snap,2,Instant,U,Blue,,Blue Control,
Sword Coast Serpent,7,Creature - Serpent Dragon,U,Blue,This creature can't be blocked as long as you've cast a noncreature spell this turn. // Return target creature to its owner's hand. (Then exile this card. You may cast the creature later from exile.),Blue Control,100204.0
Vizier of Tumbling Sands,3,Creature - Human Cleric,U,Blue,"{T}: Untap another target permanent. | Cycling {1}{U} ({1}{U}, Discard this card: Draw a card.) | When you cycle this card, untap target permanent.",Blue Control,115361.0
Warden of Evos Isle,3,Creature - Bird Wizard,U,Blue,Flying | Creature spells with flying you cast cost {1} less to cast.,Blue Control,60803.0
Young Blue Dragon,5,Creature - Dragon,U,Blue,"Flying // Scry 1, then draw a card. (Then exile this card. You may cast the creature later from exile.)",Blue Control,100220.0
Brainstorm,1,Instant,U,Blue,"Draw three cards, then put two cards from your hand on top of your library in any order.",Blue Flyers,130849.0
Condescend,1,Instant,U,Blue,"Counter target spell unless its controller pays {X}. Scry 2. (Look at the top two cards of your library, then put any number of them on the bottom and the rest on top in any order.)",Blue Flyers,31621.0
Deranged Assistant,2,Creature - Human Wizard,U,Blue,"{T}, Mill a card: Add {C}. (To mill a card, put the top card of your library into your graveyard.)",Blue Flyers,42332.0
Geyser Drake,3,Creature - Drake,U,Blue,"Flying | During turns other than yours, spells you cast cost {1} less to cast.",Blue Flyers,124013.0
Impulse,2,Instant,U,Blue,,Blue Flyers,
Jhessian Thief,3,Creature - Human Rogue,U,Blue,"Prowess (Whenever you cast a noncreature spell, this creature gets +1/+1 until end of turn.) | Whenever this creature deals combat damage to a player, draw a card.",Blue Flyers,66001.0
Preordain,1,Sorcery,U,Blue,"Scry 2, then draw a card. (To scry 2, look at the top two cards of your library, then put any number of them on the bottom and the rest on top in any order.)",Blue Flyers,37388.0
Quick Study,3,Instant,U,Blue,Draw two cards.,Blue Flyers,116436.0
Repeal,1,Instant,U,Blue,Return target nonland permanent with mana value X to its owner's hand. | Draw a card.,Blue Flyers,23627.0
Striped Riverwinder,7,Creature - Serpent,U,Blue,"Hexproof (This creature can't be the target of spells or abilities your opponents control.) | Cycling {U} ({U}, Discard this card: Draw a card.)",Blue Flyers,64580.0
Weakstone's Subjugation,1,Enchantment - Aura,U,Blue,"Enchant artifact or creature | When this Aura enters, you may pay {3}. If you do, tap enchanted permanent. | Enchanted permanent doesn't untap during its controller's untap step.",Blue Flyers,104762.0
Capsize,3,Instant,U,Blue,"Buyback {3} (You may pay an additional {3} as you cast this spell. If you do, put this card into your hand as it resolves.) | Return target permanent to its owner's hand.",Blue Tempo,9641.0
Cloudkin Seer,3,Creature - Elemental Wizard,U,Blue,"Flying | When this creature enters, draw a card.",Blue Tempo,73007.0
Into the Roil,2,Instant,U,Blue,"Kicker {1}{U} (You may pay an additional {1}{U} as you cast this spell.) | Return target nonland permanent to its owner's hand. If this spell was kicked, draw a card.",Blue Tempo,34448.0
Lose Focus,2,Instant,U,Blue,"Replicate {U} (When you cast this spell, copy it for each time you paid its replicate cost. You may choose new targets for the copies.) | Counter target spell unless its controller pays {2}.",Blue Tempo,90467.0
Mana Leak,2,Instant,U,Blue,Counter target spell unless its controller pays {3}.,Blue Tempo,66011.0
Mocking Sprite,3,Creature - Faerie Rogue,U,Blue,Flying | Instant and sorcery spells you cast cost {1} less to cast.,Blue Tempo,116426.0
Mulldrifter,5,Creature - Elemental,U,Blue,"Flying | When this creature enters, draw two cards. | Evoke {2}{U} (You may cast this spell for its evoke cost. If you do, it's sacrificed when it enters.)",Blue Tempo,28245.0
Phantom Interference,1,Instant,U,Blue,Spree (Choose one or more additional costs.) | + {3} — Create a 2/2 white Spirit creature token with flying. | + {1} — Counter target spell unless its controller pays {2}.,Blue Tempo,124033.0
Serum Visionary,3,Creature - Vedalken Wizard,U,Blue,"When this creature enters, draw a card, then scry 2.",Blue Tempo,126155.0
Treasure Cruise,8,Sorcery,U,Blue,Delve (Each card you exile from your graveyard while casting this spell pays for {1}.) | Draw three cards.,Blue Tempo,54300.0
Unable to Scream,1,Enchantment - Aura,U,Blue,"Enchant creature | Enchanted creature loses all abilities and is a Toy artifact creature with base power and toughness 0/2 in addition to its other types. | As long as enchanted creature is face down, it can't be turned face up.",Blue Tempo,130287.0
Zephyr Winder,2,Creature - Elemental,U,Blue,"Flying | Whenever this creature deals combat damage to a player, untap up to one target creature.",Blue Tempo,109744.0
Bogardan Dragonheart,3,Creature - Human Shaman,R,Red,"Sacrifice another creature: Until end of turn, this creature becomes a Dragon with base power and toughness 4/4, flying, and haste.",Boros Aggro/Beatdown,72612.0
Conduit Goblin,2,Creature - Goblin Warrior,RW,Multicolored,"When this creature enters, you get {E}{E} (two energy counters). | At the beginning of combat on your turn, you may pay {E}. If you do, another target creature you control gets +1/+0 and gains haste until end of turn.",Boros Aggro/Beatdown,126375.0
Dog Walker,2,Creature - Human Citizen,RW,Hybrid,"Vigilance | Disguise {R/W}{R/W} (You may cast this card face down for {3} as a 2/2 creature with ward {2}. Turn it face up any time for its disguise cost.) | When this creature is turned face up, create two tapped 1/1 white Dog creature tokens.",Boros Aggro/Beatdown,121868.0
Goblin Motivator,1,Creature - Goblin Warrior,R,Red,{T}: Target creature gains haste until end of turn. (It can attack and {T} this turn.),Boros Aggro/Beatdown,68447.0
Guttersnipe,3,Creature - Goblin Shaman,R,Red,"Whenever you cast an instant or sorcery spell, this creature deals 2 damage to each opponent.",Boros Aggro/Beatdown,114685.0
Hordeling Outburst,3,Creature Sorcery,R,Red,Create three 1/1 red Goblin creature tokens.,Boros Aggro/Beatdown,67182.0
Militia Bugler,3,Creature - Human Soldier,W,White,"Vigilance (Attacking doesn't cause this creature to tap.) | When this creature enters, look at the top four cards of your library. You may reveal a creature card with power 2 or less from among them and put it into your hand. Put the rest on the bottom of your library in a random order.",Boros Aggro/Beatdown,101522.0
Novice Inspector,1,Creature - Human Detective,W,White,"When this creature enters, investigate. (Create a Clue token. It's an artifact with ""{2}, Sacrifice this token: Draw a card."")",Boros Aggro/Beatdown,121546.0
Rally the Peasants,3,Instant,WR,Multicolored,Creatures you control get +2/+0 until end of turn. | Flashback {2}{R} (You may cast this card from your graveyard for its flashback cost. Then exile it.),Boros Aggro/Beatdown,60719.0
Tenth District Legionnaire,2,Creature - Human Soldier,RW,Multicolored,"Haste | Whenever you cast a spell that targets this creature, put a +1/+1 counter on this creature, then scry 1.",Boros Aggro/Beatdown,102050.0
Dimir Guildmage,2,Creature - Human Wizard,UB,Hybrid,({U/B} can be paid with either {U} or {B}.) | {3}{U}: Target player draws a card. Activate only as a sorcery. | {3}{B}: Target player discards a card. Activate only as a sorcery.,Dimir Control,70499.0
Dinrova Horror,6,Creature - Horror,UB,Multicolored,"When this creature enters, return target permanent to its owner's hand, then that player discards a card.",Dimir Control,63417.0
Faerie Seer,1,Creature - Faerie Wizard,U,Blue,"Flying | When this creature enters, scry 2. (Look at the top two cards of your library, then put any number of them on the bottom and the rest on top in any order.)",Dimir Control,72474.0
Feign Death,1,Instant,B,Black,"Until end of turn, target creature gains ""When this creature dies, return it to the battlefield tapped under its owner's control with a +1/+1 counter on it.""",Dimir Control,91708.0
Hard Evidence,1,Creature Sorcery,U,Blue,"Create a 0/3 blue Crab creature token. | Investigate. (Create a Clue token. It's an artifact with ""{2}, Sacrifice this token: Draw a card."")",Dimir Control,90461.0
Ransack the Lab,2,Sorcery,B,Black,Look at the top three cards of your library. Put one of them into your hand and the rest into your graveyard.,Dimir Control,72578.0
Remove Soul,2,Instant,U,Blue,Counter target creature spell.,Dimir Control,27420.0
Serum Visions,1,Sorcery,U,Blue,Draw a card. Scry 2.,Dimir Control,20956.0
Soul Manipulation,3,Instant,BU,Multicolored,Choose one or both — | • Counter target creature spell. | • Return target creature card from your graveyard to your hand.,Dimir Control,32412.0
Chitin Gravestalker,6,Creature - Insect Warrior,B,Black,"This spell costs {1} less to cast for each artifact and/or creature card in your graveyard. | Cycling {2} ({2}, Discard this card: Draw a card.)",Golgari Graveyard,136281.0
Desecrator Hag,4,Creature - Hag,BG,Hybrid,"When this creature enters, return to your hand the creature card in your graveyard with the greatest power. If two or more cards are tied for greatest power, you choose one of them.",Golgari Graveyard,30212.0
Gravedigger,4,Creature - Zombie,B,Black,"When this creature enters, you may return target creature card from your graveyard to your hand.",Golgari Graveyard,60557.0
Infuse with Vitality,2,Instant,BG,Multicolored,"Until end of turn, target creature gains deathtouch and ""When this creature dies, return it to the battlefield tapped under its owner's control."" | You gain 2 life.",Golgari Graveyard,88895.0
Jade Avenger,2,Creature - Frog Samurai,G,Green,"Bushido 2 (Whenever this creature blocks or becomes blocked, it gets +2/+2 until end of turn.)",Golgari Graveyard,90711.0
Mardu Skullhunter,2,Creature - Human Warrior,B,Black,"This creature enters tapped. | Raid — When this creature enters, if you attacked this turn, target opponent discards a card.",Golgari Graveyard,53990.0
Nest Invader,2,Creature - Eldrazi Drone,G,Green,"When this creature enters, create a 0/1 colorless Eldrazi Spawn creature token. It has ""Sacrifice this token: Add {C}.""",Golgari Graveyard,36354.0
Putrid Leech,2,Creature - Zombie Leech,BG,Multicolored,Pay 2 life: This creature gets +2/+2 until end of turn. Activate only once each turn.,Golgari Graveyard,32340.0
Undying Malice,1,Instant,B,Black,"Until end of turn, target creature gains ""When this creature dies, return it to the battlefield tapped under its owner's control with a +1/+1 counter on it.""",Golgari Graveyard,94600.0
Abundant Harvest,1,Sorcery,G,Green,Choose land or nonland. Reveal cards from the top of your library until you reveal a card of the chosen kind. Put that card into your hand and the rest on the bottom of your library in a random order.,Green Midrange,90671.0
Bloom Hulk,4,Creature - Plant Elemental,G,Green,"When this creature enters, proliferate. (Choose any number of permanents and/or players, then give each another counter of each kind already there.)",Green Midrange,71914.0
Conclave Naturalists,5,Creature - Dryad,G,Green,"When this creature enters, you may destroy target artifact or enchantment.",Green Midrange,82354.0
Fertile Ground,2,Enchantment - Aura,G,Green,,Green Ramp,
Grapple with the Past,2,Instant,G,Green,"Mill three cards, then you may return a creature or land card from your graveyard to your hand. (To mill three cards, put the top three cards of your library into your graveyard.)",Green Midrange,61230.0
Hooting Mandrills,6,Creature - Ape,G,Green,Delve (Each card you exile from your graveyard while casting this spell pays for {1}.) | Trample,Green Midrange,54040.0
Longstalk Brawl,1,Sorcery,G,Green,"Gift a tapped Fish (You may promise an opponent a gift as you cast this spell. If you do, they create a tapped 1/1 blue Fish creature token before its other effects.) | Choose target creature you control and target creature you don't control. Put a +1/+1 counter on the creature you control if the gift was promised. Then those creatures fight each other.",Green Midrange,129609.0
Massive Might,1,Instant,G,Green,Target creature gets +2/+2 and gains trample until end of turn.,Green Midrange,94776.0
Rancor,1,Enchantment - Aura,G,Green,"Enchant creature | Enchanted creature gets +2/+0 and has trample. | When this Aura is put into a graveyard from the battlefield, return it to its owner's hand.",Green Midrange,12677.0
Trumpeting Herd,4,Creature Sorcery,G,Green,"Create a 3/3 green Elephant creature token. | Rebound (If you cast this spell from your hand, exile it as it resolves. At the beginning of your next upkeep, you may cast this card from exile without paying its mana cost.)",Green Midrange,72746.0
Vines of Vastwood,1,Instant,G,Green,"Kicker {G} (You may pay an additional {G} as you cast this spell.) | Target creature can't be the target of spells or abilities your opponents control this turn. If this spell was kicked, that creature gets +4/+4 until end of turn.",Green Midrange,57150.0
Colossal Dreadmask,6,Creature Artifact - Equipment,G,Green,"Living weapon (When this Equipment enters, create a 0/0 black Phyrexian Germ creature token, then attach this to it.) | Equipped creature gets +6/+6 and has trample. | Equip {3}{G}{G}",Green Elves,126313.0
Generous Ent,6,Creature - Treefolk,G,Green,"Reach | When this creature enters, create a Food token. (It's an artifact with ""{2}, {T}, Sacrifice this token: You gain 3 life."") | Forestcycling {1} ({1}, Discard this card: Search your library for a Forest card, reveal it, put it into your hand, then shuffle.)",Green Elves,112248.0
Hazard of the Dunes,4,Creature - Wurm,G,Green,"Trample, reach | Exhaust — {6}{G}: Put three +1/+1 counters on this creature. (Activate each exhaust ability only once.)",Green Elves,136453.0
Jade Guardian,4,Creature - Merfolk Shaman,G,Green,"Hexproof (This creature can't be the target of spells or abilities your opponents control.) | When this creature enters, put a +1/+1 counter on target Merfolk you control.",Green Elves,65408.0
Jewel Thief,3,Creature - Cat Rogue,G,Green,"Vigilance, trample | When this creature enters, create a Treasure token. (It's an artifact with ""{T}, Sacrifice this token: Add one mana of any color."")",Green Elves,98521.0
Krosan Tusker,7,Creature - Boar Beast,G,Green,"Cycling {2}{G} ({2}{G}, Discard this card: Draw a card.) | When you cycle this card, you may search your library for a basic land card, reveal that card, put it into your hand, then shuffle. (Do this before you draw.)",Green Elves,72710.0
Lead the Stampede,3,Sorcery,G,Green,Look at the top five cards of your library. You may reveal any number of creature cards from among them and put the revealed cards into your hand. Put the rest on the bottom of your library in any order.,Green Elves,66225.0
Malevolent Rumble,2,Sorcery,G,Green,"Reveal the top four cards of your library. You may put a permanent card from among them into your hand. Put the rest into your graveyard. Create a 0/1 colorless Eldrazi Spawn creature token with ""Sacrifice this token: Add {C}.""",Green Elves,126339.0
Sarulf's Packmate,4,Creature - Wolf,G,Green,"When this creature enters, draw a card. | Foretell {1}{G} (During your turn, you may pay {2} and exile this card from your hand face down. Cast it on a later turn for its foretell cost.)",Green Elves,87727.0
Urban Daggertooth,4,Creature - Dinosaur,G,Green,"Vigilance | Enrage — Whenever this creature is dealt damage, proliferate. (Choose any number of permanents and/or players, then give each another counter of each kind already there.)",Green Elves,90739.0
Utopia Sprawl,1,Enchantment - Aura,G,Green,"Enchant Forest | As this Aura enters, choose a color. | Whenever enchanted Forest is tapped for mana, its controller adds an additional one mana of the chosen color.",Green Elves,24297.0
Wary Thespian,2,Creature - Cat Druid,G,Green,"When this creature enters or dies, surveil 1. (Look at the top card of your library. You may put it into your graveyard.)",Green Elves,110318.0
Arbor Elf,1,Creature - Elf Druid,G,Green,{T}: Untap target Forest.,Green Ramp,35773.0
Bannerhide Krushok,4,Creature - Beast,G,Green,"Trample | Reinforce 2—{1}{G} ({1}{G}, Discard this card: Put two +1/+1 counters on target creature.) | Scavenge {5}{G}{G} ({5}{G}{G}, Exile this card from your graveyard: Put a number of +1/+1 counters equal to this card's power on target creature. Scavenge only as a sorcery.)",Green Midrange,90675.0
Bushwhack,1,Sorcery,G,Green,"Choose one — | • Search your library for a basic land card, reveal it, put it into your hand, then shuffle. | • Target creature you control fights target creature you don't control. (Each deals damage equal to its power to the other.)",Green Ramp,133456.0
Elvish Mystic,1,Creature - Elf Druid,G,Green,{T}: Add {G}.,Green Midrange,53460.0
Giant Growth,1,Instant,G,Green,Target creature gets +3/+3 until end of turn.,Green Ramp,71930.0
Nyxborn Hydra,1,Enchantment Creature - Hydra,G,Green,"Bestow {X}{G}{G} (If you cast this card for its bestow cost, it's an Aura spell with enchant creature. It becomes a creature again if it's not attached.) | Reach, trample | This permanent enters with X +1/+1 counters on it. | Enchanted creature gets +1/+1 for each +1/+1 counter on this Aura and has reach and trample.",Green Ramp,126345.0
Ram Through,2,Instant,G,Green,"Target creature you control deals damage equal to its power to target creature you don't control. If the creature you control has trample, excess damage is dealt to that creature's controller instead.",Green Ramp,80349.0
Sakura-Tribe Elder,2,Creature - Snake Shaman,G,Green,"Sacrifice this creature: Search your library for a basic land card, put that card onto the battlefield tapped, then shuffle.",Green Ramp,122506.0
Tamiyo's Safekeeping,1,Instant,G,Green,"Target permanent you control gains hexproof and indestructible until end of turn. You gain 2 life. (A permanent with hexproof and indestructible can't be the target of spells or abilities your opponents control. Damage and effects that say ""destroy"" don't destroy it.)",Green Ramp,97366.0
Treetop Snarespinner,4,Creature - Spider,G,Green,Reach (This creature can block creatures with flying.) | Deathtouch (Any amount of damage this deals to a creature is enough to destroy it.) | {2}{G}: Put a +1/+1 counter on target creature you control. Activate only as a sorcery.,Green Ramp,133796.0
Tuskguard Captain,3,Creature - Human Warrior,G,Green,"Outlast {G} ({G}, {T}: Put a +1/+1 counter on this creature. Outlast only as a sorcery.) | Each creature you control with a +1/+1 counter on it has trample.",Green Ramp,101810.0
Voracious Varmint,2,Creature - Varmint,G,Green,"Vigilance | {1}, Sacrifice this creature: Destroy target artifact or enchantment.",Green Ramp,124287.0
Annoyed Altisaur,7,Creature - Dinosaur,G,Green,"Reach, trample | Cascade (When you cast this spell, exile cards from the top of your library until you exile a nonland card that costs less. You may cast it without paying its mana cost. Put the exiled cards on the bottom in a random order.)",Green Stompy,101752.0
Contagious Vorrac,3,Creature - Phyrexian Boar Beast,G,Green,"When this creature enters, look at the top four cards of your library. You may reveal a land card from among them and put it into your hand. Put the rest on the bottom of your library in a random order. If you didn't put a card into your hand this way, proliferate. (Choose any number of permanents and/or players, then give each another counter of each kind already there.)",Green Stompy,106543.0
Evolution Witness,3,Creature - Elf Shaman Mutant,G,Green,"{1}{G}: Adapt 2. (If this creature has no +1/+1 counters on it, put two +1/+1 counters on it.) | Whenever one or more +1/+1 counters are put on this creature, return target permanent card from your graveyard to your hand.",Green Stompy,126319.0
Gnarlid Colony,2,Creature - Beast,G,Green,"Kicker {2}{G} (You may pay an additional {2}{G} as you cast this spell.) | If this creature was kicked, it enters with two +1/+1 counters on it. | Each creature you control with a +1/+1 counter on it has trample. (It can deal excess combat damage to the player or planeswalker it's attacking.)",Green Stompy,83355.0
Llanowar Elves,1,Creature - Elf Druid,G,Green,{T}: Add {G}.,Green Stompy,67801.0
Llanowar Visionary,3,Creature - Elf Druid,G,Green,"When this creature enters, draw a card. | {T}: Add {G}.",Green Stompy,81613.0
Mother Bear,2,Creature - Bear,G,Green,"{3}{G}{G}, Exile this card from your graveyard: Create two 2/2 green Bear creature tokens. Activate only as a sorcery.",Green Stompy,72714.0
Phantom Tiger,3,Creature - Cat Spirit,G,Green,"This creature enters with two +1/+1 counters on it. | If damage would be dealt to this creature, prevent that damage. Remove a +1/+1 counter from this creature.",Green Stompy,17564.0
Pulse of Murasa,3,Instant,G,Green,Return target creature or land card from a graveyard to its owner's hand. You gain 6 life.,Green Stompy,59261.0
Yavimaya Elder,3,Creature - Human Druid,G,Green,"When this creature dies, you may search your library for up to two basic land cards, reveal them, put them into your hand, then shuffle. | {2}, Sacrifice this creature: Draw a card.",Green Stompy,93710.0
You Meet in a Tavern,4,Sorcery,G,Green,,Green Stompy,
Blastoderm,4,Creature - Beast,G,Green,,Gruul Aggro/Beatdown,
Branching Bolt,3,Instant,RG,Multicolored,Choose one or both — | • Branching Bolt deals 3 damage to target creature with flying. | • Branching Bolt deals 3 damage to target creature without flying.,Gruul Aggro/Beatdown,31339.0
Burning-Tree Emissary,2,Creature - Human Shaman,RG,Hybrid,"When this creature enters, add {R}{G}.",Gruul Aggro/Beatdown,63407.0
Clockwork Percussionist,1,Artifact Creature - Monkey Toy,R,Red,"Haste | When this creature dies, exile the top card of your library. You may play it until the end of your next turn.",Red Goblins,129957.0
Frenzied Goblin,1,Creature - Goblin Berserker,R,Red,"Whenever this creature attacks, you may pay {R}. If you do, target creature can't block this turn.",Gruul Aggro/Beatdown,67176.0
Goblin Anarchomancer,2,Creature - Goblin Shaman,GR,Multicolored,Each spell you cast that's red or green costs {1} less to cast.,Gruul Aggro/Beatdown,90777.0
Owlbear,5,Creature - Bird Bear,G,Green,"Trample | Keen Senses — When this creature enters, draw a card.",Gruul Aggro/Beatdown,91898.0
Rolling Thunder,2,Sorcery,R,Red,Rolling Thunder deals X damage divided as you choose among any number of targets.,Gruul Aggro/Beatdown,9595.0
Silverback Shaman,5,Creature - Ape Shaman,G,Green,"Trample | When this creature dies, draw a card.",Gruul Aggro/Beatdown,73289.0
Werebear,2,Creature - Human Bear Druid,G,Green,{T}: Add {G}. | Threshold — This creature gets +3/+3 as long as seven or more cards are in your graveyard.,Gruul Aggro/Beatdown,60955.0
Bloodwater Entity,3,Creature - Elemental,UR,Multicolored,"Flying | Prowess (Whenever you cast a noncreature spell, this creature gets +1/+1 until end of turn.) | When this creature enters, you may put target instant or sorcery card from your graveyard on top of your library.",Izzet Control,101854.0
Fireblast,6,Instant,R,Red,,Red Aggro,
Improvised Club,2,Instant,R,Red,"As an additional cost to cast this spell, sacrifice an artifact or creature. | Improvised Club deals 4 damage to any target.",Izzet Control,112184.0
Izzet Charm,2,Instant,UR,Multicolored,"Choose one — | • Counter target noncreature spell unless its controller pays {2}. | • Izzet Charm deals 2 damage to target creature. | • Draw two cards, then discard two cards.",Izzet Control,101944.0
Jackal Pup,1,Creature - Jackal,R,Red,"Whenever this creature is dealt damage, it deals that much damage to you.",Izzet Control,67192.0
Lightning Strike,2,Instant,R,Red,Lightning Strike deals 3 damage to any target.,Izzet Control,102750.0
Orcish Hellraiser,2,Creature - Orc Warrior,R,Red,"Echo {R} (At the beginning of your upkeep, if this came under your control since the beginning of your last upkeep, sacrifice it unless you pay its echo cost.) | When this creature dies, it deals 2 damage to target player or planeswalker.",Izzet Control,72644.0
Tempest Angler,3,Creature - Otter Wizard,RU,Hybrid,"Whenever you cast a noncreature spell, put a +1/+1 counter on this creature.",Izzet Control,129715.0
Tolarian Terror,7,Creature - Serpent,U,Blue,"This spell costs {1} less to cast for each instant and sorcery card in your graveyard. | Ward {2} (Whenever this creature becomes the target of a spell or ability an opponent controls, counter it unless that player pays {2}.)",Izzet Control,102620.0
Volatile Wanderglyph,2,Artifact Creature - Golem,R,Red,"Whenever this creature becomes tapped, you may discard a card. If you do, draw a card.",Izzet Control,118168.0
Gift of Orzhova,3,Enchantment - Aura,BW,Hybrid,Enchant creature | Enchanted creature gets +1/+1 and has flying and lifelink.,Orzhov Control,63411.0
Gods Willing,1,Instant,W,White,"Target creature you control gains protection from the color of your choice until end of turn. (It can't be blocked, targeted, dealt damage, enchanted, or equipped by anything of that color.) | Scry 1.",Orzhov Control,50478.0
Guardian of the Guildpact,4,Creature - Spirit,W,White,Protection from monocolored,Orzhov Control,24303.0
Kingpin's Pet,3,Creature - Thrull,WB,Multicolored,"Flying | Extort (Whenever you cast a spell, you may pay {W/B}. If you do, each opponent loses 1 life and you gain that much life.)",Orzhov Control,47857.0
Legion Vanguard,2,Creature - Vampire Soldier,B,Black,"{1}, Sacrifice another creature: This creature explores. (Reveal the top card of your library. Put that card into your hand if it's a land. Otherwise, put a +1/+1 counter on this creature, then put the card back or put it into your graveyard.)",Orzhov Control,115439.0
Mana Tithe,1,Instant,W,White,Counter target spell unless its controller pays {1}.,Orzhov Control,26511.0
Pillory of the Sleepless,3,Enchantment - Aura,BW,Multicolored,"Enchant creature | Enchanted creature can't attack or block. | Enchanted creature has ""At the beginning of your upkeep, you lose 1 life.""",Orzhov Control,23693.0
Tithe Drinker,2,Creature - Vampire,BW,Multicolored,,Orzhov Control,
Topan Freeblade,2,Creature - Human Soldier,W,White,"Vigilance (Attacking doesn't cause this creature to tap.) | Renown 1 (When this creature deals combat damage to a player, if it isn't renowned, put a +1/+1 counter on it and it becomes renowned.)",Orzhov Control,57836.0
Village Rites,1,Instant,B,Black,"As an additional cost to cast this spell, sacrifice a creature. | Draw two cards.",Orzhov Control,87567.0
Body Dropper,2,Creature - Devil Warrior,BR,Multicolored,"Whenever you sacrifice another creature, put a +1/+1 counter on this creature. | {B}{R}, Sacrifice another creature: This creature gains menace until end of turn. (It can't be blocked except by two or more creatures.)",Rakdos Burn/Damage,98555.0
Cast Down,2,Instant,B,Black,Destroy target nonlegendary creature.,Rakdos Burn/Damage,82192.0
Cindering Cutthroat,3,Creature - Lizard Assassin,BR,Hybrid,This creature enters with a +1/+1 counter on it if an opponent lost life this turn. | {1}{B/R}: This creature gains menace until end of turn. (It can't be blocked except by two or more creatures.),Rakdos Burn/Damage,129661.0
Dauthi Horror,2,Creature - Dauthi Horror,B,Black,,Rakdos Burn/Damage,
Death Denied,2,Instant - Arcane,B,Black,Return X target creature cards from your graveyard to your hand.,Rakdos Burn/Damage,70257.0
Fireblade Artist,2,Creature - Human Shaman,BR,Multicolored,"Haste | At the beginning of your upkeep, you may sacrifice a creature. When you do, this creature deals 2 damage to target opponent or planeswalker.",Rakdos Burn/Damage,101912.0
Galvanic Discharge,1,Instant,R,Red,"Choose target creature or planeswalker. You get {E}{E}{E} (three energy counters), then you may pay any amount of {E}. Galvanic Discharge deals that much damage to that permanent.",Red Burn,126261.0
Goblin Bushwhacker,2,Creature - Goblin Warrior,R,Red,"Kicker {R} (You may pay an additional {R} as you cast this spell.) | When this creature enters, if it was kicked, creatures you control get +1/+0 and gain haste until end of turn.",Red Artifacts,34388.0
Hissing Iguanar,3,Creature - Lizard,R,Red,"Whenever another creature dies, you may have this creature deal 1 damage to target player or planeswalker.",Rakdos Burn/Damage,70341.0
Molten Gatekeeper,3,Artifact Creature - Golem,R,Red,"Whenever another creature you control enters, this creature deals 1 damage to each opponent. | Unearth {R} ({R}: Return this card from your graveyard to the battlefield. It gains haste. Exile it at the beginning of the next end step or if it would leave the battlefield. Unearth only as a sorcery.)",Rakdos Burn/Damage,126273.0
Raid Bombardment,3,Enchantment,R,Red,"Whenever a creature you control with power 2 or less attacks, this enchantment deals 1 damage to the player or planeswalker that creature is attacking.",Rakdos Burn/Damage,36558.0
Abrade,2,Instant,R,Red,Choose one — | • Abrade deals 3 damage to target creature. | • Destroy target artifact.,Red Aggro,82262.0
Beetleback Chief,4,Creature - Goblin Warrior,R,Red,"When this creature enters, create two 1/1 red Goblin creature tokens.",Red Aggro,60749.0
Burst Lightning,1,Instant,R,Red,"Kicker {4} (You may pay an additional {4} as you cast this spell.) | Burst Lightning deals 2 damage to any target. If this spell was kicked, it deals 4 damage instead.",Red Aggro,57148.0
Firebrand Archer,2,Creature - Human Archer,R,Red,"Whenever you cast a noncreature spell, this creature deals 1 damage to each opponent.",Red Aggro,64668.0
Fireslinger,2,Creature - Human Wizard,R,Red,{T}: This creature deals 1 damage to any target and 1 damage to you.,Red Aggro,9581.0
Grim Initiate,1,Creature - Zombie Warrior,R,Red,"First strike | When this creature dies, amass Zombies 1. (Put a +1/+1 counter on an Army you control. It's also a Zombie. If you don't control an Army, create a 0/0 black Zombie Army creature token first.)",Red Aggro,71866.0
Mogg War Marshal,2,Creature - Goblin Warrior,R,Red,"Echo {1}{R} (At the beginning of your upkeep, if this came under your control since the beginning of your last upkeep, sacrifice it unless you pay its echo cost.) | When this creature enters or dies, create a 1/1 red Goblin creature token.",Red Aggro,60941.0
Sulfurous Blast,4,Instant,R,Red,"Sulfurous Blast deals 2 damage to each creature and each player. If you cast this spell during your main phase, Sulfurous Blast deals 3 damage to each creature and each player instead.",Red Aggro,114751.0
Thriving Grubs,2,Creature - Gremlin,R,Red,"When this creature enters, you get {E}{E} (two energy counters). | Whenever this creature attacks, you may pay {E}{E}. If you do, put a +1/+1 counter on it.",Red Aggro,61969.0
Wrangle,2,Sorcery,R,Red,Gain control of target creature with power 4 or less until end of turn. Untap that creature. It gains haste until end of turn.,Red Aggro,62721.0
Yavimaya Steelcrusher,2,Creature - Ape Warrior,R,Red,"Enlist (As this creature attacks, you may tap a nonattacking creature you control without summoning sickness. When you do, add its power to this creature's until end of turn.) | {1}, Sacrifice this creature: Destroy target artifact.",Red Aggro,102780.0
Goblin Surprise,3,Instant,R,Red,Choose one — | • Creatures you control get +2/+0 until end of turn. | • Create two 1/1 red Goblin creature tokens.,Red Artifacts,133426.0
Hobblefiend,2,Creature - Devil,R,Red,"Trample (This creature can deal excess combat damage to the player or planeswalker it's attacking.) | {1}, Sacrifice another creature: Put a +1/+1 counter on this creature.",Red Artifacts,81531.0
Monastery Swiftspear,1,Creature - Human Monk,R,Red,"Haste | Prowess (Whenever you cast a noncreature spell, this creature gets +1/+1 until end of turn.)",Red Artifacts,101722.0
Oliphaunt,6,Creature - Elephant,R,Red,"Trample | Whenever this creature attacks, another target creature you control gets +2/+0 and gains trample until end of turn. | Mountaincycling {1} ({1}, Discard this card: Search your library for a Mountain card, reveal it, put it into your hand, then shuffle.)",Red Artifacts,112188.0
Reckless Charge,1,Sorcery,R,Red,Target creature gets +3/+0 and gains haste until end of turn. | Flashback {2}{R} (You may cast this card from your graveyard for its flashback cost. Then exile it.),Red Artifacts,72660.0
Reckless Impulse,2,Sorcery,R,Red,"Exile the top two cards of your library. Until the end of your next turn, you may play those cards.",Red Artifacts,94692.0
Rimrock Knight,2,Creature - Dwarf Knight,R,Red,This creature can't block. // Target creature gets +2/+0 until end of turn. (Then exile this card. You may cast the creature later from exile.),Red Artifacts,78402.0
Spelleater Wolverine,3,Creature - Wolverine,R,Red,This creature has double strike as long as there are three or more instant and/or sorcery cards in your graveyard.,Red Artifacts,80283.0
Underworld Rage-Hound,2,Creature - Elemental Dog,R,Red,"This creature attacks each combat if able. | Escape—{3}{R}, Exile three other cards from your graveyard. (You may cast this card from your graveyard for its escape cost.) | This creature escapes with a +1/+1 counter on it.",Red Artifacts,79450.0
Wildfire Elemental,4,Creature - Elemental,R,Red,"Whenever an opponent is dealt noncombat damage, creatures you control get +1/+0 until end of turn.",Red Artifacts,73511.0
Wrenn's Resolve,2,Sorcery,R,Red,"Exile the top two cards of your library. Until the end of your next turn, you may play those cards.",Red Artifacts,110214.0
Ambitious Assault,3,Instant,R,Red,"Creatures you control get +2/+0 until end of turn. If you control a modified creature, draw a card. (Equipment, Auras you control, and counters are modifications.)",Red Burn,97194.0
Ardent Elementalist,4,Creature - Human Shaman,R,Red,"When this creature enters, return target instant or sorcery card from your graveyard to your hand.",Red Burn,93222.0
Barbed Batterfist,2,Creature Artifact - Equipment,R,Red,"For Mirrodin! (When this Equipment enters, create a 2/2 red Rebel creature token, then attach this to it.) | Equipped creature gets +1/-1. | Equip {1} ({1}: Attach to target creature you control. Equip only as a sorcery.)",Red Burn,106457.0
Dark-Dweller Oracle,2,Creature - Goblin Shaman,R,Red,"{1}, Sacrifice a creature: Exile the top card of your library. You may play that card this turn. (You still pay its costs. You can play a land this way only if you have an available land play remaining.)",Red Burn,101696.0
Flame Slash,1,Sorcery,R,Red,Flame Slash deals 4 damage to target creature.,Red Burn,36640.0
Incinerate,2,Instant,R,Red,Incinerate deals 3 damage to any target. A creature dealt damage this way can't be regenerated this turn.,Red Burn,41135.0
Mayhem Patrol,2,Creature - Devil Warrior,R,Red,"Menace (This creature can't be blocked except by two or more creatures.) | Whenever this creature attacks, target creature gets +1/+0 until end of turn. | Blitz {1}{R} (If you cast this spell for its blitz cost, it gains haste and ""When this creature dies, draw a card."" Sacrifice it at the beginning of the next end step.)",Red Burn,98447.0
Red Herring,2,Artifact Creature - Clue Fish,R,Red,"Haste | This creature attacks each combat if able. | {2}, Sacrifice this creature: Draw a card.",Red Burn,121762.0
Scholar of Combustion,4,Creature - Human Wizard,R,Red,"When this creature enters, exile up to one target instant or sorcery card from your graveyard. You may cast that card until the end of your next turn. (You still pay its costs. Timing rules still apply.)",Red Burn,132830.0
Skewer the Critics,3,Sorcery,R,Red,Spectacle {R} (You may cast this spell for its spectacle cost rather than its mana cost if an opponent lost life this turn.) | Skewer the Critics deals 3 damage to any target.,Red Burn,71230.0
Tuskeri Firewalker,3,Creature - Human Berserker,R,Red,Boast — {1}: Exile the top card of your library. You may play that card this turn. (Activate only if this creature attacked this turn and only once each turn.),Red Burn,87651.0
Aether Chaser,2,Creature - Human Artificer,R,Red,"First strike | When this creature enters, you get {E}{E} (two energy counters). | Whenever this creature attacks, you may pay {E}{E}. If you do, create a 1/1 colorless Servo artifact creature token.",Red Goblins,62715.0
Fanatical Firebrand,1,Creature - Goblin Pirate,R,Red,"Haste (This creature can attack and {T} as soon as it comes under your control.) | {T}, Sacrifice this creature: It deals 1 damage to any target.",Red Goblins,66655.0
Fireball,1,Sorcery,R,Red,,Red Goblins,
Firebolt,1,Sorcery,R,Red,Firebolt deals 2 damage to any target. | Flashback {4}{R} (You may cast this card from your graveyard for its flashback cost. Then exile it.),Red Goblins,60939.0
Forbidden Friendship,2,Creature Sorcery,R,Red,Create a 1/1 red Dinosaur creature token with haste and a 1/1 white Human Soldier creature token.,Red Goblins,80247.0
Gnawing Crescendo,3,Instant,R,Red,"Creatures you control get +2/+0 until end of turn. Whenever a nontoken creature you control dies this turn, create a 1/1 black Rat creature token with ""This token can't block.""",Red Goblins,116582.0
Rally at the Hornburg,2,Creature Sorcery,R,Red,Create two 1/1 white Human Soldier creature tokens. Humans you control gain haste until end of turn.,Red Goblins,112194.0
Scorched Rusalka,1,Creature - Spirit,R,Red,"{R}, Sacrifice a creature: This creature deals 1 damage to target player or planeswalker.",Red Goblins,63069.0
Searing Spear,2,Instant,R,Red,Searing Spear deals 3 damage to any target.,Red Goblins,45526.0
Thriving Skyclaw,4,Creature - Cat Dragon,R,Red,"Flying | When this creature enters, you get {E}{E}{E} (three energy counters). | Whenever this creature attacks, you may pay {E}{E}{E}. If you do, put a +1/+1 counter on it.",Red Goblins,126299.0
Witty Roastmaster,3,Creature - Devil Citizen,R,Red,"Alliance — Whenever another creature you control enters, this creature deals 1 damage to each opponent.",Red Goblins,98481.0
Armadillo Cloak,3,Enchantment - Aura,GW,Multicolored,"Enchant creature | Enchanted creature gets +2/+2 and has trample. | Whenever enchanted creature deals damage, you gain that much life.",Selesnya Control,60653.0
Captured by Lagacs,3,Enchantment - Aura,GW,Multicolored,"Enchant creature | Enchanted creature can't attack or block. | When this Aura enters, support 2. (Put a +1/+1 counter on each of up to two target creatures.)",Selesnya Control,90753.0
Faithful Watchdog,2,Creature - Dog,GW,Multicolored,Vigilance | This creature enters with three +1/+1 counters on it.,Selesnya Control,126387.0
Safehold Elite,2,Creature - Elf Scout,GW,Hybrid,"Persist (When this creature dies, if it had no -1/-1 counters on it, return it to the battlefield under its owner's control with a -1/-1 counter on it.)",Selesnya Control,29459.0
Snakeskin Veil,1,Instant,G,Green,Put a +1/+1 counter on target creature you control. It gains hexproof until end of turn. (It can't be the target of spells or abilities your opponents control.),Selesnya Control,87731.0
Soltari Trooper,2,Creature - Soltari Soldier,W,White,"Shadow (This creature can block or be blocked by only creatures with shadow.) | Whenever this creature attacks, it gets +1/+1 until end of turn.",Selesnya Control,9647.0
Unbounded Potential,2,Instant,W,White,"Choose one — | • Put a +1/+1 counter on each of up to two target creatures. | • Proliferate. (Choose any number of permanents and/or players, then give each another counter of each kind already there.) | Entwine {3}{W} (Choose both if you pay the entwine cost.)",Selesnya Control,90441.0
Wall of Roots,2,Creature - Plant Wall,G,Green,Defender | Put a -0/-1 counter on this creature: Add {G}. Activate only once each turn.,Selesnya Control,7427.0
Winding Way,2,Sorcery,G,Green,Choose creature or land. Reveal the top four cards of your library. Put all cards of the chosen type revealed this way into your hand and the rest into your graveyard.,Selesnya Control,72758.0
Bramble Wurm,7,Creature - Wurm,G,Green,"Reach, trample | When this creature enters, you gain 5 life. | {2}{G}, Exile this card from your graveyard: You gain 5 life.",Simic Control,135786.0
Coiling Oracle,2,Creature - Snake Elf Druid,GU,Multicolored,"When this creature enters, reveal the top card of your library. If it's a land card, put it onto the battlefield. Otherwise, put that card into your hand.",Simic Control,24059.0
Exclude,3,Instant,U,Blue,Counter target creature spell. | Draw a card.,Dimir Control,14459.0
Experiment One,1,Creature - Human Ooze,G,Green,"Evolve (Whenever a creature you control enters, if that creature has greater power or toughness than this creature, put a +1/+1 counter on this creature.) | Remove two +1/+1 counters from this creature: Regenerate it. (The next time this creature would be destroyed this turn, instead tap it, remove it from combat, and heal all damage on it.)",Simic Control,101776.0
Frost Trickster,3,Creature - Bird Wizard,U,Blue,"Flying | When this creature enters, tap target creature an opponent controls. That creature doesn't untap during its controller's next untap step.",Simic Control,88563.0
Growth Spiral,2,Instant,GU,Multicolored,Draw a card. You may put a land card from your hand onto the battlefield.,Simic Control,85702.0
Monstrous Emergence,2,Sorcery,G,Green,"As an additional cost to cast this spell, choose a creature you control or reveal a creature card from your hand. | Monstrous Emergence deals damage equal to the power of the creature you chose or the card you revealed to target creature.",Simic Control,130513.0
Quandrix Pledgemage,3,Creature - Merfolk Druid,GU,Hybrid,"Magecraft — Whenever you cast or copy an instant or sorcery spell, put a +1/+1 counter on this creature.",Simic Control,88945.0
Sprout Swarm,2,Instant,G,Green,"Convoke (Your creatures can help cast this spell. Each creature you tap while casting this spell pays for {1} or one mana of that creature's color.) | Buyback {3} (You may pay an additional {3} as you cast this spell. If you do, put this card into your hand as it resolves.) | Create a 1/1 green Saproling creature token.",Simic Control,26812.0
Aerie Auxiliary,4,Creature - Bird Soldier,W,White,"Flying | When this creature enters, support 2. (Put a +1/+1 counter on each of up to two other target creatures.)",White Aggro,126053.0
Ainok Bond-Kin,2,Creature - Dog Soldier,W,White,"Outlast {1}{W} ({1}{W}, {T}: Put a +1/+1 counter on this creature. Outlast only as a sorcery.) | Each creature you control with a +1/+1 counter on it has first strike.",White Aggro,65887.0
Cartouche of Solidarity,1,Creature Enchantment - Aura Cartouche,W,White,"Enchant creature you control | When this Aura enters, create a 1/1 white Warrior creature token with vigilance. | Enchanted creature gets +1/+1 and has first strike. (It deals combat damage before creatures without first strike.)",White Aggro,63616.0
Faerie Guidemother,1,Creature - Faerie ,W,White,Flying // Target creature gets +2/+1 and gains flying until end of turn. (Then exile this card. You may cast the creature later from exile.),White Aggro,78110.0
Gideon's Lawkeeper,1,Creature - Human Soldier,W,White,"{W}, {T}: Tap target creature.",White Aggro,41529.0
Inspiring Paladin,3,Creature - Human Knight,W,White,"During your turn, this creature has first strike. (It deals combat damage before creatures without first strike.) | During your turn, creatures you control with +1/+1 counters on them have first strike.",White Aggro,133604.0
Mandibular Kite,1,Creature Artifact - Equipment,W,White,"Living weapon (When this Equipment enters, create a 0/0 black Phyrexian Germ creature token, then attach this to it.) | Equipped creature gets +1/+1 and has flying. | Equip {3}{W}",White Aggro,126085.0
Palace Sentinels,4,Creature - Human Soldier,W,White,,White Aggro,
Pegasus Guardian,6,Creature - Pegasus,W,White,"Flying | At the beginning of your end step, if a permanent you controlled left the battlefield this turn, create a 1/1 white Pegasus creature token with flying. // Exile target creature you control, then return that card to the battlefield under its owner's control. (Then exile this card. You may cast the creature later from exile.)",White Aggro,100068.0
Raffine's Informant,2,Creature - Human Wizard,W,White,"When this creature enters, it connives. (Draw a card, then discard a card. If you discarded a nonland card, put a +1/+1 counter on this creature.)",White Aggro,98271.0
Sandsteppe Outcast,3,Creature - Human Warrior,W,White,"When this creature enters, choose one — | • Put a +1/+1 counter on this creature. | • Create a 1/1 white Spirit creature token with flying.",White Aggro,55460.0
Stormfront Pegasus,2,Creature - Pegasus,W,White,Flying,White Aggro,32801.0
Dauntless Unity,2,Instant,W,White,"Kicker {1}{W} (You may pay an additional {1}{W} as you cast this spell.) | Creatures you control get +1/+1 until end of turn. If this spell was kicked, those creatures get +2/+1 until end of turn instead.",White Control,82953.0
Inspiring Overseer,3,Creature - Angel Cleric,W,White,"Flying | When this creature enters, you gain 1 life and draw a card.",White Control,98255.0
Journey to Nowhere,2,Enchantment,W,White,"When this enchantment enters, exile target creature. | When this enchantment leaves the battlefield, return the exiled card to the battlefield under its owner's control.",White Control,34390.0
Petrify,2,Enchantment - Aura,W,White,"Enchant artifact or creature | Enchanted permanent can't attack or block, and its activated abilities can't be activated.",White Control,117842.0
Rhox Veteran,4,Creature - Rhino Soldier,W,White,"Battle cry (Whenever this creature attacks, each other attacking creature gets +1/+0 until end of turn.) | Whenever this creature attacks, tap target creature an opponent controls.",White Control,72420.0
Search Party Captain,4,Creature - Human Soldier,W,White,"This spell costs {1} less to cast for each creature you attacked with this turn. | When this creature enters, draw a card.",White Control,92994.0
Suture Priest,2,Creature - Phyrexian Cleric,W,White,"Whenever another creature you control enters, you may gain 1 life. | Whenever a creature an opponent controls enters, you may have that player lose 1 life.",White Control,39766.0
Thraben Charm,2,Instant,W,White,Choose one — | • Thraben Charm deals damage equal to twice the number of creatures you control to target creature. | • Destroy target enchantment. | • Exile any number of target players' graveyards.,White Control,126107.0
Thraben Inspector,1,Creature - Human Soldier,W,White,"When this creature enters, investigate. (Create a Clue token. It's an artifact with ""{2}, Sacrifice this token: Draw a card."")",White Control,60240.0
You Hear Something on Watch,2,Instant,W,White,Choose one — | • Rouse the Party — Creatures you control get +1/+1 until end of turn. | • Set Off Traps — This spell deals 5 damage to target attacking creature.,White Control,91586.0
Custodi Squire,5,Creature - Spirit Cleric,W,White,,White Equipment,
Deftblade Elite,1,Creature - Human Soldier,W,White,"Provoke (Whenever this creature attacks, you may have target creature defending player controls untap and block it if able.) | {1}{W}: Prevent all combat damage that would be dealt to and dealt by this creature this turn.",White Equipment,18617.0
Doomed Traveler,1,Creature - Human Soldier,W,White,"When this creature dies, create a 1/1 white Spirit creature token with flying.",White Equipment,42650.0
Heliod's Pilgrim,3,Creature - Human Cleric,W,White,"When this creature enters, you may search your library for an Aura card, reveal it, put it into your hand, then shuffle.",White Equipment,79164.0
Imperial Oath,6,Creature Sorcery,W,White,Create three 2/2 white Samurai creature tokens with vigilance. Scry 3.,White Equipment,96944.0
Miner's Guidewing,1,Creature - Bird,W,White,"Flying, vigilance | When this creature dies, target creature you control explores. (Reveal the top card of your library. Put that card into your hand if it's a land. Otherwise, put a +1/+1 counter on that creature, then put the card back or put it into your graveyard.)",White Equipment,117826.0
Phantom Nomad,2,Creature - Spirit Nomad,W,White,"This creature enters with two +1/+1 counters on it. | If damage would be dealt to this creature, prevent that damage. Remove a +1/+1 counter from this creature.",White Equipment,17384.0
Planar Disruption,2,Enchantment - Aura,W,White,"Enchant artifact, creature, or planeswalker | Enchanted permanent can't attack or block, and its activated abilities can't be activated.",White Equipment,106271.0
Prismatic Strands,3,Instant,W,White,Prevent all damage that sources of the color of your choice would deal this turn. | Flashback—Tap an untapped white creature you control. (You may cast this card from your graveyard for its flashback cost. Then exile it.),White Equipment,17390.0
Seeker of the Way,2,Creature - Human Warrior,W,White,"Prowess (Whenever you cast a noncreature spell, this creature gets +1/+1 until end of turn.) | Whenever you cast a noncreature spell, this creature gains lifelink until end of turn.",White Equipment,65937.0
Trapped in the Screen,3,Enchantment,W,White,"Ward {2} (Whenever this enchantment becomes the target of a spell or ability an opponent controls, counter it unless that player pays {2}.) | When this enchantment enters, exile target artifact, creature, or enchantment an opponent controls until this enchantment leaves the battlefield.",White Equipment,130203.0
Ardenvale Tactician,3,Creature - Human Knight ,W,White,Flying // Tap up to two target creatures. (Then exile this card. You may cast the creature later from exile.),White Tokens,78096.0
Coalition Honor Guard,4,Creature - Human Flagbearer,W,White,"While an opponent is choosing targets as part of casting a spell they control or activating an ability they control, that player must choose at least one Flagbearer on the battlefield if able.",White Tokens,60661.0
Combat Professor,4,Creature - Bird Cleric,W,White,"Flying | At the beginning of combat on your turn, target creature you control gets +1/+0 and gains vigilance until end of turn.",White Tokens,88499.0
Dog Umbra,2,Enchantment - Aura,W,White,"Flash | Enchant creature | As long as another player controls enchanted creature, it can't attack or block. Otherwise, this Aura has umbra armor. (If enchanted creature would be destroyed, instead remove all damage from it and destroy this Aura.)",White Tokens,126061.0
Eagles of the North,6,Creature - Bird Soldier,W,White,"Flying | When this creature enters, creatures you control get +1/+0 and gain first strike until end of turn. | Plainscycling {1} ({1}, Discard this card: Search your library for a Plains card, reveal it, put it into your hand, then shuffle.)",White Tokens,111924.0
Holy Cow,3,Creature - Ox Angel,W,White,"Flash | Flying | When this creature enters, you gain 2 life and scry 1. (Look at the top card of your library. You may put that card on the bottom.)",White Tokens,123943.0
Kor Skyfisher,2,Creature - Kor Soldier,W,White,"Flying | When this creature enters, return a permanent you control to its owner's hand.",White Tokens,63193.0
Savannah Lions,1,Creature - Cat,W,White,,White Tokens,66980.0
Settle Beyond Reality,5,Sorcery,W,White,"Choose one or both — | • Exile target creature you don't control. | • Exile target creature you control, then return it to the battlefield under its owner's control.",White Tokens,72426.0
Sunlance,1,Sorcery,W,White,Sunlance deals 3 damage to target nonwhite creature.,White Tokens,57006.0
Syndic of Tithes,2,Creature - Human Cleric,W,White,"Extort (Whenever you cast a spell, you may pay {W/B}. If you do, each opponent loses 1 life and you gain that much life.)",White Tokens,47817.0
Ancestral Blade,2,Creature Artifact - Equipment,W,White,"When this Equipment enters, create a 1/1 white Soldier creature token, then attach this Equipment to it. | Equipped creature gets +1/+1. | Equip {1} ({1}: Attach to target creature you control. Equip only as a sorcery.)",White Equipment,82040.0
Battle Screech,4,Creature Sorcery,W,White,Create two 1/1 white Bird creature tokens with flying. | Flashback—Tap three untapped white creatures you control. (You may cast this card from your graveyard for its flashback cost. Then exile it.),White Tokens,115133.0
Cathar Commando,2,Creature - Human Soldier,W,White,"Flash | {1}, Sacrifice this creature: Destroy target artifact or enchantment.",White Control,92942.0
Plagued Rusalka,1,Creature - Spirit,B,Black,"{B}, Sacrifice a creature: Target creature gets -1/-1 until end of turn.",Black Control,57470.0
Wild Growth,1,Enchantment - Aura,G,Green,,Green Ramp,
Teetering Peaks,0,Land,R,Red,"This land enters tapped. | When this land enters, target creature gets +2/+0 until end of turn. | {T}: Add {R}.",Red Goblins,39256.0
Blightning,3,Sorcery,BR,Multicolored,Blightning deals 3 damage to target player or planeswalker. That player or that planeswalker's controller discards two cards.,Rakdos Burn/Damage,30983.0
Goblin Electromancer,2,Creature - Goblin Wizard,UR,Multicolored,Instant and sorcery spells you cast cost {1} less to cast.,Izzet Control,46363.0
Rakdos Carnarium,0,Land,BR,Lands,,Rakdos Burn/Damage,
Compulsive Research,3,Sorcery,U,Blue,Target player draws three cards. Then that player discards two cards unless they discard a land card.,Blue Flyers,23294.0
Alabaster Host Intercessor,6,Creature - Phyrexian Samurai,W,White,"When this creature enters, exile target creature an opponent controls until this creature leaves the battlefield. | Plainscycling {2} ({2}, Discard this card: Search your library for a Plains card, reveal it, put it into your hand, then shuffle.)",White Control,109800.0
Greater Tanuki,6,Enchantment Creature - Dog,G,Green,"Trample | Channel — {2}{G}, Discard this card: Search your library for a basic land card, put it onto the battlefield tapped, then shuffle.",Green Stompy,97318.0
Azorius Chancery,0,Land,WU,Lands,"This land enters tapped. | When this land enters, return a land you control to its owner's hand. | {T}: Add {W}{U}.",Azorius Evasion/Flying,24027.0
Skybridge Towers,0,Land,UW,Lands,"This land enters tapped. | {T}: Add {W} or {U}. | {2}{W}{U}, {T}, Sacrifice this land: Draw a card.",Azorius Evasion/Flying,98731.0
Judge's Familiar,1,Creature - Bird,UW,Hybrid,Flying | Sacrifice this creature: Counter target instant or sorcery spell unless its controller pays {1}.,Azorius Evasion/Flying,120911.0
Cavern Harpy,2,Creature - Harpy Beast,UB,Multicolored,"Flying | When this creature enters, return a blue or black creature you control to its owner's hand. | Pay 1 life: Return this creature to its owner's hand.",Dimir Control,15071.0
Waterfront District,0,Land,BU,Lands,"This land enters tapped. | {T}: Add {U} or {B}. | {2}{U}{B}, {T}, Sacrifice this land: Draw a card.",Dimir Control,98737.0
Dimir Aqueduct,0,Land,BU,Lands,"This land enters tapped. | When this land enters, return a land you control to its owner's hand. | {T}: Add {U}{B}.",Dimir Control,45144.0
Tramway Station,0,Land,BR,Lands,"This land enters tapped. | {T}: Add {B} or {R}. | {2}{B}{R}, {T}, Sacrifice this land: Draw a card.",Rakdos Burn/Damage,98735.0
Gruul Turf,0,Land,RG,Lands,"This land enters tapped. | When this land enters, return a land you control to its owner's hand. | {T}: Add {R}{G}.",Gruul Aggro/Beatdown,23851.0
Racers' Ring,0,Land,GR,Lands,"This land enters tapped. | {T}: Add {R} or {G}. | {2}{R}{G}, {T}, Sacrifice this land: Draw a card.",Gruul Aggro/Beatdown,98725.0
Botanical Plaza,0,Land,GW,Lands,"This land enters tapped. | {T}: Add {G} or {W}. | {2}{G}{W}, {T}, Sacrifice this land: Draw a card.",Selesnya Control,98713.0
Radiant Grove,0,Land - Forest Plains,GW,Lands,({T}: Add {G} or {W}.) | This land enters tapped.,Selesnya Control,102982.0
Selesnya Sanctuary,0,Land,WG,Lands,"This land enters tapped. | When this land enters, return a land you control to its owner's hand. | {T}: Add {G}{W}.",Selesnya Control,23248.0
Orzhov Basilica,0,Land,BW,Lands,,Orzhov Control,
Silverquill Campus,0,Land,BW,Lands,"This land enters tapped. | {T}: Add {W} or {B}. | {4}, {T}: Scry 1.",Orzhov Control,89053.0
Izzet Boilerworks,0,Land,RU,Lands,,Izzet Control,
Prismari Campus,0,Land,RU,Lands,"This land enters tapped. | {T}: Add {U} or {R}. | {4}, {T}: Scry 1.",Izzet Control,89047.0
Dreg Mangler,3,Creature - Plant Zombie,BG,Multicolored,"Haste | Scavenge {3}{B}{G} ({3}{B}{G}, Exile this card from your graveyard: Put a number of +1/+1 counters equal to this card's power on target creature. Scavenge only as a sorcery.)",Golgari Graveyard,101892.0
Golgari Rot Farm,0,Land,BG,Lands,"This land enters tapped. | When this land enters, return a land you control to its owner's hand. | {T}: Add {B}{G}.",Golgari Graveyard,23206.0
Witherbloom Campus,0,Land,BG,Lands,"This land enters tapped. | {T}: Add {B} or {G}. | {4}, {T}: Scry 1.",Golgari Graveyard,89057.0
Boros Garrison,0,Land,WR,Lands,"This land enters tapped. | When this land enters, return a land you control to its owner's hand. | {T}: Add {R}{W}.",Boros Aggro/Beatdown,23116.0
Lorehold Campus,0,Land,RW,Lands,"This land enters tapped. | {T}: Add {R} or {W}. | {4}, {T}: Scry 1.",Boros Aggro/Beatdown,89043.0
Quandrix Campus,0,Land,GU,Lands,"This land enters tapped. | {T}: Add {G} or {U}. | {4}, {T}: Scry 1.",Simic Control,89049.0
Simic Growth Chamber,0,Land,UG,Lands,"This land enters tapped. | When this land enters, return a land you control to its owner's hand. | {T}: Add {G}{U}.",Simic Control,24031.0
Tangled Islet,0,Land - Forest Island,GU,Lands,({T}: Add {G} or {U}.) | This land enters tapped.,Simic Control,102992.0
Bubble Snare,1,Enchantment - Aura,U,Blue,"Kicker {2}{U} (You may pay an additional {2}{U} as you cast this spell.) | Enchant creature | When this Aura enters, if it was kicked, tap enchanted creature. | Enchanted creature doesn't untap during its controller's untap step.",Azorius Evasion/Flying,83043.0
Grasping Scoundrel,1,Creature - Human Pirate,B,Black,This creature gets +1/+0 as long as it's attacking.,Black Aggro,68157.0
Guildsworn Prowler,2,Creature - Tiefling Rogue Assassin,B,Black,"Deathtouch | When this creature dies, if it wasn't blocking, draw a card.",Black Control,100276.0
Scrapwork Mutt,2,Artifact Creature - Dog,,Red,"When this creature enters, you may discard a card. If you do, draw a card. | Unearth {1}{R} ({1}{R}: Return this card from your graveyard to the battlefield. It gains haste. Exile it at the beginning of the next end step or if it would leave the battlefield. Unearth only as a sorcery.)",Black Graveyard,104946.0
Basking Broodscale,2,Creature - Eldrazi Lizard,G,Green,"Devoid (This card has no color.) | {1}{G}: Adapt 1. (If this creature has no +1/+1 counters on it, put a +1/+1 counter on it.) | Whenever one or more +1/+1 counters are put on this creature, you may create a 0/1 colorless Eldrazi Spawn creature token with ""Sacrifice this token: Add {C}.""",Green Elves,126307.0
Cruel Witness,4,Creature - Bird Horror,U,Blue,"Flying | Whenever you cast a noncreature spell, surveil 1. (Look at the top card of your library. You may put it into your graveyard.)",Blue Card Draw,94414.0
Pestermite,3,Creature - Faerie Rogue,U,Blue,"Flash | Flying | When this creature enters, you may tap or untap target permanent.",Blue Control,28241.0
Eldrazi Skyspawner,3,Creature - Eldrazi Drone,U,Blue,"Devoid (This card has no color.) | Flying | When this creature enters, create a 1/1 colorless Eldrazi Scion creature token. It has ""Sacrifice this token: Add {C}.""",Blue Flyers,58341.0
Shipwreck Dowser,5,Creature - Merfolk Wizard,U,Blue,"Prowess (Whenever you cast a noncreature spell, this creature gets +1/+1 until end of turn.) | When this creature enters, return target instant or sorcery card from your graveyard to your hand.",Blue Tempo,115337.0
Chain Lightning,1,Sorcery,R,Red,"Chain Lightning deals 3 damage to any target. Then that player or that permanent's controller may pay {R}{R}. If the player does, they may copy this spell and may choose a new target for that copy.",Boros Aggro/Beatdown,107715.0
Snapping Voidcraw,3,Creature - Eldrazi Turtle,UG,Multicolored,"Devoid (This card has no color.) | {T}: Add {C}{C}. | {3}{C}, {T}: Draw a card.",Simic Control,126427.0
Eldrazi Repurposer,3,Creature - Eldrazi Drone,,Green,"Devoid (This card has no color.) | When you cast this spell and when this creature dies, create a 0/1 colorless Eldrazi Spawn creature token with ""Sacrifice this token: Add {C}.""",Golgari Graveyard,126317.0
Farseek,2,Sorcery,G,Green,"Search your library for a Plains, Island, Swamp, or Mountain card, put it onto the battlefield tapped, then shuffle.",Green Midrange,23262.0
Horrific Assault,1,Sorcery,G,Green,"Target creature you control deals damage equal to its power to target creature or planeswalker you don't control. If you control an Eldrazi, you gain 3 life.",Green Ramp,126331.0
Flayer Husk,1,Creature Artifact - Equipment,,Colorless,"Living weapon (When this Equipment enters, create a 0/0 black Phyrexian Germ creature token, then attach this to it.) | Equipped creature gets +1/+1. | Equip {2}",Black Sacrifice,39583.0
Renegade Freighter,3,Artifact - Vehicle,,Colorless,"Whenever this Vehicle attacks, it gets +1/+1 and gains trample until end of turn. | Crew 2 (Tap any number of creatures you control with total power 2 or more: This Vehicle becomes an artifact creature until end of turn.)",Green Stompy,61593.0
Mutagenic Growth,0,Instant,,Green,({G/P} can be paid with either {G} or 2 life.) | Target creature gets +2/+2 until end of turn.,Gruul Aggro/Beatdown,40000.0
Harried Spearguard,1,Creature - Human Soldier,R,Red,"Haste | When this creature dies, create a 1/1 black Rat creature token with ""This token can't block.""",Izzet Control,116592.0
Blessed Hippogriff,4,Creature - Hippogriff,W,White,"Flying | Whenever this creature attacks, target attacking creature without flying gains flying until end of turn. // Target creature gains indestructible until end of turn. (Then exile this card. You may cast the creature later from exile.)",Orzhov Control,100010.0
Lightning Bolt,1,Instant,R,Red,Lightning Bolt deals 3 damage to any target.,Rakdos Burn/Damage,32859.0
Gingerbrute,1,Artifact Creature - Food Golem,,Colorless,"Haste (This creature can attack and {T} as soon as it comes under your control.) | {1}: This creature can't be blocked this turn except by creatures with haste. | {2}, {T}, Sacrifice this creature: You gain 3 life.",Red Aggro,78584.0
Guardian Idol,2,Artifact,,Colorless,This artifact enters tapped. | {T}: Add {C}. | {2}: This artifact becomes a 2/2 Golem artifact creature until end of turn.,Red Artifacts,66311.0
Rift Bolt,3,Sorcery,R,Red,"Rift Bolt deals 3 damage to any target. | Suspend 1—{R} (Rather than cast this card from your hand, you may pay {R} and exile it with a time counter on it. At the beginning of your upkeep, remove a time counter. When the last is removed, you may cast it without paying its mana cost.)",Red Burn,101728.0
Writhing Chrysalis,4,Creature - Eldrazi Drone,,Multicolored,"Devoid (This card has no color.) | When you cast this spell, create two 0/1 colorless Eldrazi Spawn creature tokens with ""Sacrifice this token: Add {C}."" | Reach | Whenever you sacrifice another Eldrazi, put a +1/+1 counter on this creature.",Gruul Aggro/Beatdown,126435.0
Nature's Lore,2,Sorcery,G,Green,,Selesnya Control,
Gitaxian Probe,0,Sorcery,,Blue,({U/P} can be paid with either {U} or 2 life.) | Look at target player's hand. | Draw a card.,Simic Control,39976.0
Boros Elite,1,Creature - Human Soldier,W,White,"Battalion — Whenever this creature and at least two other creatures attack, this creature gets +2/+2 until end of turn.",White Aggro,120547.0
Borrowed Grace,3,Instant,W,White,Escalate {1}{W} (Pay this cost for each mode chosen beyond the first.) | Choose one or both — | • Creatures you control get +2/+0 until end of turn. | • Creatures you control get +0/+2 until end of turn.,White Control,61092.0
Greatsword of Tyr,2,Artifact - Equipment,W,White,"Whenever equipped creature attacks, put a +1/+1 counter on it and tap up to one target creature defending player controls. | Equip {W} ({W}: Attach to target creature you control. Equip only as a sorcery.)",White Equipment,100036.0
Raise the Alarm,2,Creature Instant,W,White,Create two 1/1 white Soldier creature tokens.,White Tokens,72967.0
