name,CMC,Type,Color,Color Category,Oracle Text,tags,MTGO ID,Power,Toughness
Boros Elite,1,Creature - Human Soldier,W,White,"Battalion — Whenever this creature and at least two other creatures attack, this creature gets +2/+2 until end of turn.",,120547.0,1,1
Deftblade Elite,1,Creature - Human Soldier,W,White,"Provoke (Whenever this creature attacks, you may have target creature defending player controls untap and block it if able.) | {1}{W}: Prevent all combat damage that would be dealt to and dealt by this creature this turn.",,18617.0,1,1
Doomed Traveler,1,Creature - Human Soldier,W,White,"When this creature dies, create a 1/1 white Spirit creature token with flying.",GTC Update;token generator;WR tokens;WG tokens,42650.0,1,1
Elite Vanguard,1,Creature - Human Soldier,W,White,,EMA Update,60565.0,2,1
Faerie Guidemother,1,Creature - Faerie ,W,White,Flying // Target creature gets +2/+1 and gains flying until end of turn. (Then exile this card. You may cast the creature later from exile.),ELD Update,78110.0,1,1
Gideon's Lawkeeper,1,Creature - Human Soldier,W,White,"{W}, {T}: Tap target creature.",M12 Update;tapper;removal;soft removal;Creature Removal,41529.0,1,1
Goldmeadow Harrier,1,Creature - Kithkin Soldier,W,White,"{W}, {T}: Tap target creature.",Since the beginning;tapper;removal;soft removal;Creature Removal,28185.0,1,1
Miner's Guidewing,1,Creature - Bird,W,White,"Flying, vigilance | When this creature dies, target creature you control explores. (Reveal the top card of your library. Put that card into your hand if it's a land. Otherwise, put a +1/+1 counter on that creature, then put the card back or put it into your graveyard.)",,117826.0,1,1
Novice Inspector,1,Creature - Human Detective,W,White,"When this creature enters, investigate. (Create a Clue token. It's an artifact with ""{2}, Sacrifice this token: Draw a card."")",,121546.0,1,2
Savannah Lions,1,Creature - Cat,W,White,,UST/RIX/A25 Update,66980.0,2,1
Thraben Inspector,1,Creature - Human Soldier,W,White,"When this creature enters, investigate. (Create a Clue token. It's an artifact with ""{2}, Sacrifice this token: Draw a card."")",EMA Update;token generator;ETB;card draw,60240.0,1,2
Ainok Bond-Kin,2,Creature - Dog Soldier,W,White,"Outlast {1}{W} ({1}{W}, {T}: Put a +1/+1 counter on this creature. Outlast only as a sorcery.) | Each creature you control with a +1/+1 counter on it has first strike.",,65887.0,2,1
Cathar Commando,2,Creature - Human Soldier,W,White,"Flash | {1}, Sacrifice this creature: Destroy target artifact or enchantment.",,92942.0,3,1
Kor Skyfisher,2,Creature - Kor Soldier,W,White,"Flying | When this creature enters, return a permanent you control to its owner's hand.",Since the beginning;evasion;ETB;flicker and bounce,63193.0,2,3
Phantom Nomad,2,Creature - Spirit Nomad,W,White,"This creature enters with two +1/+1 counters on it. | If damage would be dealt to this creature, prevent that damage. Remove a +1/+1 counter from this creature.",STX Update,17384.0,0,0
Raffine's Informant,2,Creature - Human Wizard,W,White,"When this creature enters, it connives. (Draw a card, then discard a card. If you discarded a nonland card, put a +1/+1 counter on this creature.)",,98271.0,2,1
Seeker of the Way,2,Creature - Human Warrior,W,White,"Prowess (Whenever you cast a noncreature spell, this creature gets +1/+1 until end of turn.) | Whenever you cast a noncreature spell, this creature gains lifelink until end of turn.",HOU/XLN/IMA Update,65937.0,2,2
Soltari Trooper,2,Creature - Soltari Soldier,W,White,"Shadow (This creature can block or be blocked by only creatures with shadow.) | Whenever this creature attacks, it gets +1/+1 until end of turn.",,9647.0,1,1
Stormfront Pegasus,2,Creature - Pegasus,W,White,Flying,Since the beginning;UW fliers,32801.0,2,1
Suture Priest,2,Creature - Phyrexian Cleric,W,White,"Whenever another creature you control enters, you may gain 1 life. | Whenever a creature an opponent controls enters, you may have that player lose 1 life.",,39766.0,1,1
Syndic of Tithes,2,Creature - Human Cleric,W,White,"Extort (Whenever you cast a spell, you may pay {W/B}. If you do, each opponent loses 1 life and you gain that much life.)",ELD Update,47817.0,2,2
Topan Freeblade,2,Creature - Human Soldier,W,White,"Vigilance (Attacking doesn't cause this creature to tap.) | Renown 1 (When this creature deals combat damage to a player, if it isn't renowned, put a +1/+1 counter on it and it becomes renowned.)",AFR/MH2 Update,57836.0,2,2
Ardenvale Tactician,3,Creature - Human Knight ,W,White,Flying // Tap up to two target creatures. (Then exile this card. You may cast the creature later from exile.),ELD Update,78096.0,2,3
Heliod's Pilgrim,3,Creature - Human Cleric,W,White,"When this creature enters, you may search your library for an Aura card, reveal it, put it into your hand, then shuffle.",THB Update,79164.0,1,2
Holy Cow,3,Creature - Ox Angel,W,White,"Flash | Flying | When this creature enters, you gain 2 life and scry 1. (Look at the top card of your library. You may put that card on the bottom.)",,123943.0,2,2
Inspiring Overseer,3,Creature - Angel Cleric,W,White,"Flying | When this creature enters, you gain 1 life and draw a card.",,98255.0,2,1
Inspiring Paladin,3,Creature - Human Knight,W,White,"During your turn, this creature has first strike. (It deals combat damage before creatures without first strike.) | During your turn, creatures you control with +1/+1 counters on them have first strike.",,133604.0,3,3
Militia Bugler,3,Creature - Human Soldier,W,White,"Vigilance (Attacking doesn't cause this creature to tap.) | When this creature enters, look at the top four cards of your library. You may reveal a creature card with power 2 or less from among them and put it into your hand. Put the rest on the bottom of your library in a random order.",,101522.0,2,3
Sandsteppe Outcast,3,Creature - Human Warrior,W,White,"When this creature enters, choose one — | • Put a +1/+1 counter on this creature. | • Create a 1/1 white Spirit creature token with flying.",FRF Update;token generator;ETB;WR tokens;WG tokens,55460.0,2,1
Aerie Auxiliary,4,Creature - Bird Soldier,W,White,"Flying | When this creature enters, support 2. (Put a +1/+1 counter on each of up to two other target creatures.)",,126053.0,3,3
Blessed Hippogriff,4,Creature - Hippogriff,W,White,"Flying | Whenever this creature attacks, target attacking creature without flying gains flying until end of turn. // Target creature gains indestructible until end of turn. (Then exile this card. You may cast the creature later from exile.)",,100010.0,2,3
Coalition Honor Guard,4,Creature - Human Flagbearer,W,White,"While an opponent is choosing targets as part of casting a spell they control or activating an ability they control, that player must choose at least one Flagbearer on the battlefield if able.",AVR Update,60661.0,2,4
Combat Professor,4,Creature - Bird Cleric,W,White,"Flying | At the beginning of combat on your turn, target creature you control gets +1/+0 and gains vigilance until end of turn.",STX Update,88499.0,2,3
Guardian of the Guildpact,4,Creature - Spirit,W,White,Protection from monocolored,Since the beginning;evasion,24303.0,2,3
Palace Sentinels,4,Creature - Human Soldier,W,White,,,,,
Rhox Veteran,4,Creature - Rhino Soldier,W,White,"Battle cry (Whenever this creature attacks, each other attacking creature gets +1/+0 until end of turn.) | Whenever this creature attacks, tap target creature an opponent controls.",MH1 Update;tapper;removal;soft removal,72420.0,2,4
Search Party Captain,4,Creature - Human Soldier,W,White,"This spell costs {1} less to cast for each creature you attacked with this turn. | When this creature enters, draw a card.",,92994.0,2,2
Custodi Squire,5,Creature - Spirit Cleric,W,White,,CNS/VMA Update;evasion;UW fliers;ETB,,,
Alabaster Host Intercessor,6,Creature - Phyrexian Samurai,W,White,"When this creature enters, exile target creature an opponent controls until this creature leaves the battlefield. | Plainscycling {2} ({2}, Discard this card: Search your library for a Plains card, reveal it, put it into your hand, then shuffle.)",,109800.0,3,4
Eagles of the North,6,Creature - Bird Soldier,W,White,"Flying | When this creature enters, creatures you control get +1/+0 and gain first strike until end of turn. | Plainscycling {1} ({1}, Discard this card: Search your library for a Plains card, reveal it, put it into your hand, then shuffle.)",,111924.0,3,3
Pegasus Guardian,6,Creature - Pegasus,W,White,"Flying | At the beginning of your end step, if a permanent you controlled left the battlefield this turn, create a 1/1 white Pegasus creature token with flying. // Exile target creature you control, then return that card to the battlefield under its owner's control. (Then exile this card. You may cast the creature later from exile.)",,100068.0,3,3
Ephemerate,1,Instant,W,White,"Exile target creature you control, then return it to the battlefield under its owner's control. | Rebound (If you cast this spell from your hand, exile it as it resolves. At the beginning of your next upkeep, you may cast this card from exile without paying its mana cost.)",MH1 Update;flicker and bounce,72386.0,,
Gods Willing,1,Instant,W,White,"Target creature you control gains protection from the color of your choice until end of turn. (It can't be blocked, targeted, dealt damage, enchanted, or equipped by anything of that color.) | Scry 1.",THS Update;card selection,50478.0,,
Mana Tithe,1,Instant,W,White,Counter target spell unless its controller pays {1}.,,26511.0,,
Dauntless Unity,2,Instant,W,White,"Kicker {1}{W} (You may pay an additional {1}{W} as you cast this spell.) | Creatures you control get +1/+1 until end of turn. If this spell was kicked, those creatures get +2/+1 until end of turn instead.",2XM/ZNR Update,82953.0,,
Raise the Alarm,2,Creature Instant,W,White,Create two 1/1 white Soldier creature tokens.,Since the beginning;token generator;WR tokens;WG tokens,72967.0,,
Thraben Charm,2,Instant,W,White,Choose one — | • Thraben Charm deals damage equal to twice the number of creatures you control to target creature. | • Destroy target enchantment. | • Exile any number of target players' graveyards.,,126107.0,,
Unbounded Potential,2,Instant,W,White,"Choose one — | • Put a +1/+1 counter on each of up to two target creatures. | • Proliferate. (Choose any number of permanents and/or players, then give each another counter of each kind already there.) | Entwine {3}{W} (Choose both if you pay the entwine cost.)",AFR/MH2 Update,90441.0,,
You Hear Something on Watch,2,Instant,W,White,Choose one — | • Rouse the Party — Creatures you control get +1/+1 until end of turn. | • Set Off Traps — This spell deals 5 damage to target attacking creature.,,91586.0,,
Borrowed Grace,3,Instant,W,White,Escalate {1}{W} (Pay this cost for each mode chosen beyond the first.) | Choose one or both — | • Creatures you control get +2/+0 until end of turn. | • Creatures you control get +0/+2 until end of turn.,EMN Update,61092.0,,
Prismatic Strands,3,Instant,W,White,Prevent all damage that sources of the color of your choice would deal this turn. | Flashback—Tap an untapped white creature you control. (You may cast this card from your graveyard for its flashback cost. Then exile it.),MBS Update;graveyard matters,17390.0,,
Sunlance,1,Sorcery,W,White,Sunlance deals 3 damage to target nonwhite creature.,,57006.0,,
Battle Screech,4,Creature Sorcery,W,White,Create two 1/1 white Bird creature tokens with flying. | Flashback—Tap three untapped white creatures you control. (You may cast this card from your graveyard for its flashback cost. Then exile it.),CNS/VMA Update;token generator;WR tokens;WG tokens;graveyard matters,115133.0,,
Settle Beyond Reality,5,Sorcery,W,White,"Choose one or both — | • Exile target creature you don't control. | • Exile target creature you control, then return it to the battlefield under its owner's control.",MH1 Update;flicker and bounce;removal;hard removal;Creature Removal,72426.0,,
Imperial Oath,6,Creature Sorcery,W,White,Create three 2/2 white Samurai creature tokens with vigilance. Scry 3.,,96944.0,,
Triplicate Spirits,6,Creature Sorcery,W,White,Convoke (Your creatures can help cast this spell. Each creature you tap while casting this spell pays for {1} or one mana of that creature's color.) | Create three 1/1 white Spirit creature tokens with flying.,M15 Update;token generator;WR tokens;WG tokens,53614.0,,
Mandibular Kite,1,Creature Artifact - Equipment,W,White,"Living weapon (When this Equipment enters, create a 0/0 black Phyrexian Germ creature token, then attach this to it.) | Equipped creature gets +1/+1 and has flying. | Equip {3}{W}",,126085.0,,
Ancestral Blade,2,Creature Artifact - Equipment,W,White,"When this Equipment enters, create a 1/1 white Soldier creature token, then attach this Equipment to it. | Equipped creature gets +1/+1. | Equip {1} ({1}: Attach to target creature you control. Equip only as a sorcery.)",token generator;WR tokens;WG tokens;2XM/ZNR Update,82040.0,,
Greatsword of Tyr,2,Artifact - Equipment,W,White,"Whenever equipped creature attacks, put a +1/+1 counter on it and tap up to one target creature defending player controls. | Equip {W} ({W}: Attach to target creature you control. Equip only as a sorcery.)",,100036.0,,
Cartouche of Solidarity,1,Creature Enchantment - Aura Cartouche,W,White,"Enchant creature you control | When this Aura enters, create a 1/1 white Warrior creature token with vigilance. | Enchanted creature gets +1/+1 and has first strike. (It deals combat damage before creatures without first strike.)",,63616.0,,
Dog Umbra,2,Enchantment - Aura,W,White,"Flash | Enchant creature | As long as another player controls enchanted creature, it can't attack or block. Otherwise, this Aura has umbra armor. (If enchanted creature would be destroyed, instead remove all damage from it and destroy this Aura.)",,126061.0,,
Journey to Nowhere,2,Enchantment,W,White,"When this enchantment enters, exile target creature. | When this enchantment leaves the battlefield, return the exiled card to the battlefield under its owner's control.",Since the beginning;removal;hard removal;Creature Removal,34390.0,,
Petrify,2,Enchantment - Aura,W,White,"Enchant artifact or creature | Enchanted permanent can't attack or block, and its activated abilities can't be activated.",,117842.0,,
Planar Disruption,2,Enchantment - Aura,W,White,"Enchant artifact, creature, or planeswalker | Enchanted permanent can't attack or block, and its activated abilities can't be activated.",,106271.0,,
Oblivion Ring,3,Enchantment,W,White,"When this enchantment enters, exile another target nonland permanent. | When this enchantment leaves the battlefield, return the exiled card to the battlefield under its owner's control.",Since the beginning;removal;hard removal;Creature Removal,28229.0,,
Trapped in the Screen,3,Enchantment,W,White,"Ward {2} (Whenever this enchantment becomes the target of a spell or ability an opponent controls, counter it unless that player pays {2}.) | When this enchantment enters, exile target artifact, creature, or enchantment an opponent controls until this enchantment leaves the battlefield.",,130203.0,,
Faith's Fetters,4,Enchantment - Aura,W,White,"Enchant permanent | When this Aura enters, you gain 4 life. | Enchanted permanent can't attack or block, and its activated abilities can't be activated unless they're mana abilities.",Since the beginning;removal;soft removal;Creature Removal,70105.0,,
Faerie Seer,1,Creature - Faerie Wizard,U,Blue,"Flying | When this creature enters, scry 2. (Look at the top two cards of your library, then put any number of them on the bottom and the rest on top in any order.)",MH1 Update;ETB;UW fliers;evasion;card selection,72474.0,1,1
Deranged Assistant,2,Creature - Human Wizard,U,Blue,"{T}, Mill a card: Add {C}. (To mill a card, put the top card of your library into your graveyard.)",,42332.0,1,1
Looter il-Kor,2,Creature - Kor Rogue,U,Blue,"Shadow (This creature can block or be blocked by only creatures with shadow.) | Whenever this creature deals damage to an opponent, draw a card, then discard a card.",,86511.0,1,1
Merfolk Looter,2,Creature - Merfolk Rogue,U,Blue,"{T}: Draw a card, then discard a card.",,27410.0,1,1
Moon-Circuit Hacker,2,Enchantment Creature - Human Ninja,U,Blue,"Ninjutsu {U} ({U}, Return an unblocked attacker you control to hand: Put this card onto the battlefield from your hand tapped and attacking.) | Whenever this creature deals combat damage to a player, you may draw a card. If you do, discard a card unless this creature entered this turn.",,97054.0,2,1
Zephyr Winder,2,Creature - Elemental,U,Blue,"Flying | Whenever this creature deals combat damage to a player, untap up to one target creature.",,109744.0,2,1
Cloudkin Seer,3,Creature - Elemental Wizard,U,Blue,"Flying | When this creature enters, draw a card.",M20 Update;ETB;UW fliers;evasion;card draw,73007.0,2,1
Eldrazi Skyspawner,3,Creature - Eldrazi Drone,U,Blue,"Devoid (This card has no color.) | Flying | When this creature enters, create a 1/1 colorless Eldrazi Scion creature token. It has ""Sacrifice this token: Add {C}.""",BFZ Update;UW fliers;ETB;token generator,58341.0,2,1
Frost Trickster,3,Creature - Bird Wizard,U,Blue,"Flying | When this creature enters, tap target creature an opponent controls. That creature doesn't untap during its controller's next untap step.",STX Update,88563.0,2,2
Geyser Drake,3,Creature - Drake,U,Blue,"Flying | During turns other than yours, spells you cast cost {1} less to cast.",,124013.0,2,3
Jhessian Thief,3,Creature - Human Rogue,U,Blue,"Prowess (Whenever you cast a noncreature spell, this creature gets +1/+1 until end of turn.) | Whenever this creature deals combat damage to a player, draw a card.",,66001.0,1,3
Man-o'-War,3,Creature - Jellyfish,U,Blue,"When this creature enters, return target creature to its owner's hand.",Since the beginning;flicker and bounce;ETB;removal;soft removal,72482.0,2,2
Mistral Singer,3,Creature - Siren,U,Blue,"Flying | Prowess (Whenever you cast a noncreature spell, this creature gets +1/+1 until end of turn.)",M21/JMP Update,81343.0,2,2
Mocking Sprite,3,Creature - Faerie Rogue,U,Blue,Flying | Instant and sorcery spells you cast cost {1} less to cast.,,116426.0,2,1
Pestermite,3,Creature - Faerie Rogue,U,Blue,"Flash | Flying | When this creature enters, you may tap or untap target permanent.",Since the beginning;UW fliers;evasion;tapper;ETB;flash,28241.0,2,1
Preening Champion,3,Creature - Bird Knight,U,Blue,"Flying | When this creature enters, create a 1/1 blue and red Elemental creature token.",,109972.0,2,2
Serum Visionary,3,Creature - Vedalken Wizard,U,Blue,"When this creature enters, draw a card, then scry 2.",,126155.0,2,2
Vizier of Tumbling Sands,3,Creature - Human Cleric,U,Blue,"{T}: Untap another target permanent. | Cycling {1}{U} ({1}{U}, Discard this card: Draw a card.) | When you cycle this card, untap target permanent.",,115361.0,1,3
Warden of Evos Isle,3,Creature - Bird Wizard,U,Blue,Flying | Creature spells with flying you cast cost {1} less to cast.,EMA Update;UW fliers;evasion,60803.0,2,2
Winter Eladrin,3,Creature - Faerie Elf Wizard,U,Blue,"Gust of Wind — When this creature enters, return up to one other target creature to its owner's hand.",,100216.0,2,2
Archaeomancer,4,Creature - Human Wizard,U,Blue,"When this creature enters, return target instant or sorcery card from your graveyard to your hand.",,49321.0,1,2
Cruel Witness,4,Creature - Bird Horror,U,Blue,"Flying | Whenever you cast a noncreature spell, surveil 1. (Look at the top card of your library. You may put it into your graveyard.)",,94414.0,3,3
Mist Raven,4,Creature - Bird,U,Blue,"Flying | When this creature enters, return target creature to its owner's hand.",AVR Update;UW fliers;evasion;flicker and bounce;ETB;removal;soft removal,44205.0,2,2
Murmuring Mystic,4,Creature - Human Wizard,U,Blue,"Whenever you cast an instant or sorcery spell, create a 1/1 blue Bird Illusion creature token with flying.",,115313.0,1,5
Ninja of the Deep Hours,4,Creature - Human Ninja,U,Blue,,Since the beginning;flicker and bounce;card draw,,,
Mulldrifter,5,Creature - Elemental,U,Blue,"Flying | When this creature enters, draw two cards. | Evoke {2}{U} (You may cast this spell for its evoke cost. If you do, it's sacrificed when it enters.)",Since the beginning;UW fliers;ETB;evasion;card draw,28245.0,2,2
Peregrine Drake,5,Creature - Drake,U,Blue,"Flying | When this creature enters, untap up to five lands.",,107619.0,2,3
Shipwreck Dowser,5,Creature - Merfolk Wizard,U,Blue,"Prowess (Whenever you cast a noncreature spell, this creature gets +1/+1 until end of turn.) | When this creature enters, return target instant or sorcery card from your graveyard to your hand.",,115337.0,3,3
Young Blue Dragon,5,Creature - Dragon,U,Blue,"Flying // Scry 1, then draw a card. (Then exile this card. You may cast the creature later from exile.)",,100220.0,3,3
Aethersnipe,6,Creature - Elemental,U,Blue,"When this creature enters, return target nonland permanent to its owner's hand. | Evoke {1}{U}{U} (You may cast this spell for its evoke cost. If you do, it's sacrificed when it enters.)",MBS Update;flicker and bounce;ETB;removal;soft removal,70161.0,4,4
Mirrorshell Crab,7,Artifact Creature - Crab,U,Blue,"Ward {3} (Whenever this creature becomes the target of a spell or ability an opponent controls, counter it unless that player pays {3}.) | Channel — {2}{U}, Discard this card: Counter target spell or ability unless its controller pays {3}.",,97044.0,5,7
Striped Riverwinder,7,Creature - Serpent,U,Blue,"Hexproof (This creature can't be the target of spells or abilities your opponents control.) | Cycling {U} ({U}, Discard this card: Draw a card.)",HOU/XLN/IMA Update;card draw,64580.0,5,5
Sword Coast Serpent,7,Creature - Serpent Dragon,U,Blue,This creature can't be blocked as long as you've cast a noncreature spell this turn. // Return target creature to its owner's hand. (Then exile this card. You may cast the creature later from exile.),,100204.0,6,6
Tolarian Terror,7,Creature - Serpent,U,Blue,"This spell costs {1} less to cast for each instant and sorcery card in your graveyard. | Ward {2} (Whenever this creature becomes the target of a spell or ability an opponent controls, counter it unless that player pays {2}.)",,102620.0,5,5
Brainstorm,1,Instant,U,Blue,"Draw three cards, then put two cards from your hand on top of your library in any order.",,130849.0,,
Condescend,1,Instant,U,Blue,"Counter target spell unless its controller pays {X}. Scry 2. (Look at the top two cards of your library, then put any number of them on the bottom and the rest on top in any order.)",,31621.0,,
Consider,1,Instant,U,Blue,Surveil 1. (Look at the top card of your library. You may put it into your graveyard.) | Draw a card.,,93020.0,,
Opt,1,Instant,U,Blue,Scry 1. (Look at the top card of your library. You may put that card on the bottom.) | Draw a card.,BBD Update;card draw;card selection,67585.0,,
Phantom Interference,1,Instant,U,Blue,Spree (Choose one or more additional costs.) | + {3} — Create a 2/2 white Spirit creature token with flying. | + {1} — Counter target spell unless its controller pays {2}.,,124033.0,,
Repeal,1,Instant,U,Blue,Return target nonland permanent with mana value X to its owner's hand. | Draw a card.,GRN Update;flicker and bounce;removal;soft removal;card draw,23627.0,,
Counterspell,2,Instant,U,Blue,Counter target spell.,Since the beginning,115261.0,,
Impulse,2,Instant,U,Blue,,,,,
Into the Roil,2,Instant,U,Blue,"Kicker {1}{U} (You may pay an additional {1}{U} as you cast this spell.) | Return target nonland permanent to its owner's hand. If this spell was kicked, draw a card.",Since the beginning;flicker and bounce;removal;soft removal;card draw,34448.0,,
Lose Focus,2,Instant,U,Blue,"Replicate {U} (When you cast this spell, copy it for each time you paid its replicate cost. You may choose new targets for the copies.) | Counter target spell unless its controller pays {2}.",AFR/MH2 Update,90467.0,,
Mana Leak,2,Instant,U,Blue,Counter target spell unless its controller pays {3}.,May 2010 Update,66011.0,,
Miscalculation,2,Instant,U,Blue,"Counter target spell unless its controller pays {2}. | Cycling {2} ({2}, Discard this card: Draw a card.)",MBS Update;card draw,12607.0,,
Remove Soul,2,Instant,U,Blue,Counter target creature spell.,July 2010 Update,27420.0,,
Snap,2,Instant,U,Blue,,AVR Update;flicker and bounce;removal;soft removal,,,
Capsize,3,Instant,U,Blue,"Buyback {3} (You may pay an additional {3} as you cast this spell. If you do, put this card into your hand as it resolves.) | Return target permanent to its owner's hand.",SOM Update;flicker and bounce;removal;soft removal,9641.0,,
Displace,3,Instant,U,Blue,"Exile up to two target creatures you control, then return those cards to the battlefield under their owner's control.",M20 Update;flicker and bounce,61330.0,,
Exclude,3,Instant,U,Blue,Counter target creature spell. | Draw a card.,,14459.0,,
Ghostly Flicker,3,Instant,U,Blue,"Exile two target artifacts, creatures, and/or lands you control, then return those cards to the battlefield under your control.",,87983.0,,
Quick Study,3,Instant,U,Blue,Draw two cards.,,116436.0,,
Behold the Multiverse,4,Instant,U,Blue,"Scry 2, then draw two cards. | Foretell {1}{U} (During your turn, you may pay {2} and exile this card from your hand face down. Cast it on a later turn for its foretell cost.)",KHM/CMR Update,87417.0,,
Hard Evidence,1,Creature Sorcery,U,Blue,"Create a 0/3 blue Crab creature token. | Investigate. (Create a Clue token. It's an artifact with ""{2}, Sacrifice this token: Draw a card."")",AFR/MH2 Update,90461.0,,
Ponder,1,Sorcery,U,Blue,,,,,
Preordain,1,Sorcery,U,Blue,"Scry 2, then draw a card. (To scry 2, look at the top two cards of your library, then put any number of them on the bottom and the rest on top in any order.)",SOM Update;card draw;card selection,37388.0,,
Serum Visions,1,Sorcery,U,Blue,Draw a card. Scry 2.,,20956.0,,
Compulsive Research,3,Sorcery,U,Blue,Target player draws three cards. Then that player discards two cards unless they discard a land card.,,23294.0,,
Deep Analysis,4,Sorcery,U,Blue,"Target player draws two cards. | Flashback—{1}{U}, Pay 3 life. (You may cast this card from your graveyard for its flashback cost. Then exile it.)",Since the beginning;card draw;graveyard matters,60727.0,,
Lórien Revealed,5,Sorcery,U,Blue,"Draw three cards. | Islandcycling {1} ({1}, Discard this card: Search your library for an Island card, reveal it, put it into your hand, then shuffle.)",,112030.0,,
Treasure Cruise,8,Sorcery,U,Blue,Delve (Each card you exile from your graveyard while casting this spell pays for {1}.) | Draw three cards.,FRF Update;card draw;graveyard matters,54300.0,,
Bubble Snare,1,Enchantment - Aura,U,Blue,"Kicker {2}{U} (You may pay an additional {2}{U} as you cast this spell.) | Enchant creature | When this Aura enters, if it was kicked, tap enchanted creature. | Enchanted creature doesn't untap during its controller's untap step.",removal;soft removal;Creature Removal;2XM/ZNR Update,83043.0,,
Unable to Scream,1,Enchantment - Aura,U,Blue,"Enchant creature | Enchanted creature loses all abilities and is a Toy artifact creature with base power and toughness 0/2 in addition to its other types. | As long as enchanted creature is face down, it can't be turned face up.",,130287.0,,
Weakstone's Subjugation,1,Enchantment - Aura,U,Blue,"Enchant artifact or creature | When this Aura enters, you may pay {3}. If you do, tap enchanted permanent. | Enchanted permanent doesn't untap during its controller's untap step.",,104762.0,,
Witness Protection,1,Enchantment - Aura,U,Blue,"Enchant creature | Enchanted creature loses all abilities and is a green and white Citizen creature with base power and toughness 1/1 named Legitimate Businessperson. (It loses all other colors, card types, creature types, and names.)",,98351.0,,
Mystic Sanctuary,0,Land - Island,,Blue,"({T}: Add {U}.) | This land enters tapped unless you control three or more other Islands. | When this land enters untapped, you may put target instant or sorcery card from your graveyard on top of your library.",,78640.0,,
Carnophage,1,Creature - Zombie,B,Black,"At the beginning of your upkeep, tap this creature unless you pay 1 life.",,10655.0,2,2
Carrion Feeder,1,Creature - Zombie,B,Black,This creature can't block. | Sacrifice a creature: Put a +1/+1 counter on this creature.,BBD Update,18680.0,1,1
Ecstatic Awakener,1,Creature - Human Wizard,B,Black,"{2}{B}, Sacrifice another creature: Draw a card, then transform this creature. Activate only once each turn.",,93154.0,,
Grasping Scoundrel,1,Creature - Human Pirate,B,Black,This creature gets +1/+0 as long as it's attacking.,,68157.0,1,1
Infestation Sage,1,Creature - Elf Warlock,B,Black,"When this creature dies, create a 1/1 black and green Insect creature token with flying.",,133696.0,1,1
Nested Shambler,1,Creature - Zombie,B,Black,"When this creature dies, create X tapped 1/1 green Squirrel creature tokens, where X is this creature's power.",,90563.0,1,1
Nezumi Linkbreaker,1,Creature - Rat Warlock,B,Black,"When this creature dies, create a 1/1 red Mercenary creature token with ""{T}: Target creature you control gets +1/+0 until end of turn. Activate only as a sorcery.""",,124103.0,1,1
Plagued Rusalka,1,Creature - Spirit,B,Black,"{B}, Sacrifice a creature: Target creature gets -1/-1 until end of turn.",BBD Update;removal;hard removal,57470.0,1,1
Retrofitted Transmogrant,1,Artifact Creature - Zombie,B,Black,{3}{B}: Return this card from your graveyard to the battlefield tapped with two +1/+1 counters on it.,,126229.0,1,1
Unwilling Ingredient,1,Creature - Frog,B,Black,"Menace (This creature can't be blocked except by two or more creatures.) | {2}{B}, Exile this card from your graveyard: You draw a card and you lose 1 life.",STX Update,88657.0,1,1
Vampire Lacerator,1,Creature - Vampire Warrior,B,Black,"At the beginning of your upkeep, you lose 1 life unless an opponent has 10 or less life.",,67142.0,2,2
Accursed Marauder,2,Creature - Zombie Warrior,B,Black,"When this creature enters, each player sacrifices a nontoken creature of their choice.",,125599.0,2,1
Aether Poisoner,2,Creature - Human Artificer,B,Black,"Deathtouch (Any amount of damage this deals to a creature is enough to destroy it.) | When this creature enters, you get {E}{E} (two energy counters). | Whenever this creature attacks, you may pay {E}{E}. If you do, create a 1/1 colorless Servo artifact creature token.",,62663.0,1,1
Basilica Screecher,2,Creature - Bat,B,Black,"Flying | Extort (Whenever you cast a spell, you may pay {W/B}. If you do, each opponent loses 1 life and you gain that much life.)",,47717.0,1,2
Carrier Thrall,2,Creature - Vampire,B,Black,"When this creature dies, create a 1/1 colorless Eldrazi Scion creature token. It has ""Sacrifice this token: Add {C}.""",,101628.0,2,1
Dauthi Horror,2,Creature - Dauthi Horror,B,Black,,,,,
Dauthi Slayer,2,Creature - Dauthi Soldier,B,Black,Shadow (This creature can block or be blocked by only creatures with shadow.) | This creature attacks each combat if able.,,9481.0,2,2
Gixian Infiltrator,2,Creature - Phyrexian Human,B,Black,"Whenever you sacrifice another permanent, put a +1/+1 counter on this creature.",,104814.0,2,1
Guildsworn Prowler,2,Creature - Tiefling Rogue Assassin,B,Black,"Deathtouch | When this creature dies, if it wasn't blocking, draw a card.",,100276.0,2,1
Legion Vanguard,2,Creature - Vampire Soldier,B,Black,"{1}, Sacrifice another creature: This creature explores. (Reveal the top card of your library. Put that card into your hand if it's a land. Otherwise, put a +1/+1 counter on this creature, then put the card back or put it into your graveyard.)",,115439.0,2,2
Mardu Skullhunter,2,Creature - Human Warrior,B,Black,"This creature enters tapped. | Raid — When this creature enters, if you attacked this turn, target opponent discards a card.",,53990.0,2,1
Mire Triton,2,Creature - Zombie Merfolk,B,Black,"Deathtouch | When this creature enters, mill two cards and you gain 2 life. (To mill a card, put the top card of your library into your graveyard.)",,115447.0,2,1
Putrid Goblin,2,Creature - Zombie Goblin,B,Black,"Persist (When this creature dies, if it had no -1/-1 counters on it, return it to the battlefield under its owner's control with a -1/-1 counter on it.)",MH1 Update,72574.0,2,2
Crypt Rats,3,Creature - Rat,B,Black,{X}: This creature deals X damage to each creature and each player. Spend only black mana on X.,Since the beginning;removal;hard removal;Creature Removal,7509.0,1,1
Phyrexian Rager,3,Creature - Horror,B,Black,"When this creature enters, you draw a card and you lose 1 life.",Since the beginning;ETB;card draw,66083.0,2,2
Voracious Vermin,3,Creature - Rat,B,Black,"When this creature enters, create a 1/1 black Rat creature token with ""This token can't block."" | Whenever another creature you control dies, put a +1/+1 counter on this creature.",,116550.0,2,1
Bone Picker,4,Creature - Bird,B,Black,"This spell costs {3} less to cast if a creature died this turn. | Flying, deathtouch",2XM/ZNR Update,82190.0,3,2
Faceless Butcher,4,Creature - Nightmare Horror,B,Black,"When this creature enters, exile another target creature. | When this creature leaves the battlefield, return the exiled card to the battlefield under its owner's control.",Since the beginning;ETB;removal;soft removal;Creature Removal,17179.0,2,3
Falkenrath Noble,4,Creature - Vampire,B,Black,"Flying | Whenever this creature or another creature dies, target player loses 1 life and you gain 1 life.",HOU/XLN/IMA Update;evasion;graveyard matters,63275.0,2,2
Gravedigger,4,Creature - Zombie,B,Black,"When this creature enters, you may return target creature card from your graveyard to your hand.",Since the beginning;ETB;graveyard matters,60557.0,2,2
Scurrilous Sentry,4,Creature - Human Knight Rogue,B,Black,"Menace | Whenever this creature enters or attacks, it connives. (Draw a card, then discard a card. If you discarded a nonland card, put a +1/+1 counter on this creature.)",,126233.0,2,3
Thorn of the Black Rose,4,Creature - Human Assassin,B,Black,"Deathtouch. When this creature enters, you become the monarch.",CN2/KLD/C16 Update;ETB;card draw;deathtouch,,,
Gray Merchant of Asphodel,5,Creature - Zombie,B,Black,"When this creature enters, each opponent loses X life, where X is your devotion to black. You gain life equal to the life lost this way. (Each {B} in the mana costs of permanents you control counts toward your devotion to black.)",,55089.0,2,4
Loathsome Curator,5,Creature - Gorgon Wizard,B,Black,"Exploit (When this creature enters, you may sacrifice a creature.) | Menace | When this creature exploits a creature, destroy target creature you don't control with mana value 3 or less.",AFR/MH2 Update,90555.0,5,4
Okiba-Gang Shinobi,5,Creature - Rat Ninja,B,Black,,,,,
Vampire Sovereign,5,Creature - Vampire Noble,B,Black,"Flying | When this creature enters, target opponent loses 3 life and you gain 3 life.",,101678.0,3,4
Chitin Gravestalker,6,Creature - Insect Warrior,B,Black,"This spell costs {1} less to cast for each artifact and/or creature card in your graveyard. | Cycling {2} ({2}, Discard this card: Draw a card.)",,136281.0,5,4
First-Sphere Gargantua,6,Creature - Horror,B,Black,"When this creature enters, you draw a card and you lose 1 life. | Unearth {2}{B} ({2}{B}: Return this card from your graveyard to the battlefield. It gains haste. Exile it at the beginning of the next end step or if it would leave the battlefield. Unearth only as a sorcery.)",MH1 Update;ETB;graveyard matters;card draw,72554.0,5,4
Troll of Khazad-dûm,6,Creature - Troll,B,Black,"This creature can't be blocked except by three or more creatures. | Swampcycling {1} ({1}, Discard this card: Search your library for a Swamp card, reveal it, put it into your hand, then shuffle.)",,112132.0,6,5
Gurmag Angler,7,Creature - Zombie Fish,B,Black,Delve (Each card you exile from your graveyard while casting this spell pays for {1}.),MM2/ORI Update;graveyard matters,55472.0,5,5
Disfigure,1,Instant,B,Black,Target creature gets -2/-2 until end of turn.,Since the beginning;removal;hard removal;Creature Removal,34450.0,,
Feign Death,1,Instant,B,Black,"Until end of turn, target creature gains ""When this creature dies, return it to the battlefield tapped under its owner's control with a +1/+1 counter on it.""",AFR/MH2 Update,91708.0,,
Tragic Slip,1,Instant,B,Black,Target creature gets -1/-1 until end of turn. | Morbid — That creature gets -13/-13 until end of turn instead if a creature died this turn.,DKA Update;removal;hard removal;Creature Removal,43189.0,,
Undying Malice,1,Instant,B,Black,"Until end of turn, target creature gains ""When this creature dies, return it to the battlefield tapped under its owner's control with a +1/+1 counter on it.""",,94600.0,,
Vendetta,1,Instant,B,Black,Destroy target nonblack creature. It can't be regenerated. You lose life equal to that creature's toughness.,,36680.0,,
Village Rites,1,Instant,B,Black,"As an additional cost to cast this spell, sacrifice a creature. | Draw two cards.",AFR/MH2 Update,87567.0,,
Candy Grapple,2,Instant,B,Black,"Bargain (You may sacrifice an artifact, enchantment, or token as you cast this spell.) | Target creature gets -3/-3 until end of turn. If this spell was bargained, that creature gets -5/-5 until end of turn instead.",,116476.0,,
Cast Down,2,Instant,B,Black,Destroy target nonlegendary creature.,Creature Removal;2XM/ZNR Update,82192.0,,
Death Denied,2,Instant - Arcane,B,Black,Return X target creature cards from your graveyard to your hand.,May 2010 Update;graveyard matters,70257.0,,
Doom Blade,2,Instant,B,Black,,,,,
Go for the Throat,2,Instant,B,Black,Destroy target nonartifact creature.,,108256.0,,
Wither and Bloom,2,Instant,B,Black,"Target creature gets -3/-3 until end of turn. | {1}{B}, Exile this card from your graveyard: Put a +1/+1 counter on target creature you control. Activate only as a sorcery.",,126239.0,,
Unearth,1,Sorcery,B,Black,"Return target creature card with mana value 3 or less from your graveyard to the battlefield. | Cycling {2} ({2}, Discard this card: Draw a card.)",Since the beginning;graveyard matters;card draw,72598.0,,
Feed the Swarm,2,Sorcery,B,Black,Destroy target creature or enchantment an opponent controls. You lose life equal to that permanent's mana value.,hard removal;removal;Creature Removal;2XM/ZNR Update,83167.0,,
Night's Whisper,2,Sorcery,B,Black,You draw two cards and you lose 2 life.,EMA Update;card draw,95040.0,,
Ransack the Lab,2,Sorcery,B,Black,Look at the top three cards of your library. Put one of them into your hand and the rest into your graveyard.,THB Update,72578.0,,
Ashes to Ashes,3,Sorcery,B,Black,,,,,
Arms of Hadar,4,Sorcery,B,Black,Creatures target player controls get -2/-2 until end of turn.,,100238.0,,
Dread Return,4,Sorcery,B,Black,Return target creature card from your graveyard to the battlefield. | Flashback—Sacrifice three creatures. (You may cast this card from your graveyard for its flashback cost. Then exile it.),,115405.0,,
Blood Fountain,1,Artifact,B,Black,"When this artifact enters, create a Blood token. (It's an artifact with ""{1}, {T}, Discard a card, Sacrifice this token: Draw a card."") | {3}{B}, {T}, Sacrifice this artifact: Return up to two target creature cards from your graveyard to your hand.",,94506.0,,
Grim Bauble,1,Artifact,B,Black,"When this artifact enters, target creature an opponent controls gets -2/-2 until end of turn. | {2}{B}, {T}, Sacrifice this artifact: Surveil 2. (Look at the top two cards of your library, then put any number of them into your graveyard and the rest on top of your library in any order.)",,136299.0,,
Tithing Blade,2,Artifact,B,Black,"When this artifact enters, each opponent sacrifices a creature of their choice. | Craft with creature {4}{B} ({4}{B}, Exile this artifact, Exile a creature you control or a creature card from your graveyard: Return this card transformed under its owner's control. Craft only as a sorcery.) // At the beginning of your upkeep, each opponent loses 1 life and you gain 1 life.",,118064.0,,
Clawing Torment,1,Enchantment - Aura,B,Black,"Enchant artifact or creature | As long as enchanted permanent is a creature, it gets -1/-1 and can't block. | Enchanted permanent has ""At the beginning of your upkeep, you lose 1 life.""",,97102.0,,
Gift of Fangs,1,Enchantment - Aura,B,Black,,,,,
Tortured Existence,1,Enchantment,B,Black,"{B}, Discard a creature card: Return target creature card from your graveyard to your hand.",,10329.0,,
Pestilence,4,Enchantment,B,Black,"At the beginning of the end step, if no creatures are on the battlefield, sacrifice this enchantment. | {B}: This enchantment deals 1 damage to each creature and each player.",Since the beginning;removal;hard removal;Creature Removal,12409.0,,
Witch's Cottage,0,Land - Swamp,,Black,"({T}: Add {B}.) | This land enters tapped unless you control three or more other Swamps. | When this land enters untapped, you may put target creature card from your graveyard on top of your library.",,78644.0,,
Clockwork Percussionist,1,Artifact Creature - Monkey Toy,R,Red,"Haste | When this creature dies, exile the top card of your library. You may play it until the end of your next turn.",,129957.0,1,1
Fanatical Firebrand,1,Creature - Goblin Pirate,R,Red,"Haste (This creature can attack and {T} as soon as it comes under your control.) | {T}, Sacrifice this creature: It deals 1 damage to any target.",UST/RIX/A25 Update;removal;hard removal,66655.0,1,1
Frenzied Goblin,1,Creature - Goblin Berserker,R,Red,"Whenever this creature attacks, you may pay {R}. If you do, target creature can't block this turn.",UST/RIX/A25 Update,67176.0,1,1
Goblin Motivator,1,Creature - Goblin Warrior,R,Red,{T}: Target creature gains haste until end of turn. (It can attack and {T} this turn.),,68447.0,1,1
Grim Initiate,1,Creature - Zombie Warrior,R,Red,"First strike | When this creature dies, amass Zombies 1. (Put a +1/+1 counter on an Army you control. It's also a Zombie. If you don't control an Army, create a 0/0 black Zombie Army creature token first.)",WAR Update;token generator;WR tokens,71866.0,1,1
Harried Spearguard,1,Creature - Human Soldier,R,Red,"Haste | When this creature dies, create a 1/1 black Rat creature token with ""This token can't block.""",,116592.0,1,1
Jackal Pup,1,Creature - Jackal,R,Red,"Whenever this creature is dealt damage, it deals that much damage to you.",UST/RIX/A25 Update,67192.0,2,1
Monastery Swiftspear,1,Creature - Human Monk,R,Red,"Haste | Prowess (Whenever you cast a noncreature spell, this creature gets +1/+1 until end of turn.)",,101722.0,1,2
Scorched Rusalka,1,Creature - Spirit,R,Red,"{R}, Sacrifice a creature: This creature deals 1 damage to target player or planeswalker.",ELD Update,63069.0,1,1
Aether Chaser,2,Creature - Human Artificer,R,Red,"First strike | When this creature enters, you get {E}{E} (two energy counters). | Whenever this creature attacks, you may pay {E}{E}. If you do, create a 1/1 colorless Servo artifact creature token.",AFR/MH2 Update,62715.0,2,1
Dark-Dweller Oracle,2,Creature - Goblin Shaman,R,Red,"{1}, Sacrifice a creature: Exile the top card of your library. You may play that card this turn. (You still pay its costs. You can play a land this way only if you have an available land play remaining.)",,101696.0,2,2
Firebrand Archer,2,Creature - Human Archer,R,Red,"Whenever you cast a noncreature spell, this creature deals 1 damage to each opponent.",,64668.0,2,1
Fireslinger,2,Creature - Human Wizard,R,Red,{T}: This creature deals 1 damage to any target and 1 damage to you.,Since the beginning;removal;hard removal,9581.0,1,1
Goblin Bushwhacker,2,Creature - Goblin Warrior,R,Red,"Kicker {R} (You may pay an additional {R} as you cast this spell.) | When this creature enters, if it was kicked, creatures you control get +1/+0 and gain haste until end of turn.",,34388.0,1,1
Hobblefiend,2,Creature - Devil,R,Red,"Trample (This creature can deal excess combat damage to the player or planeswalker it's attacking.) | {1}, Sacrifice another creature: Put a +1/+1 counter on this creature.",M21/JMP Update,81531.0,2,1
Mayhem Patrol,2,Creature - Devil Warrior,R,Red,"Menace (This creature can't be blocked except by two or more creatures.) | Whenever this creature attacks, target creature gets +1/+0 until end of turn. | Blitz {1}{R} (If you cast this spell for its blitz cost, it gains haste and ""When this creature dies, draw a card."" Sacrifice it at the beginning of the next end step.)",,98447.0,1,2
Mogg War Marshal,2,Creature - Goblin Warrior,R,Red,"Echo {1}{R} (At the beginning of your upkeep, if this came under your control since the beginning of your last upkeep, sacrifice it unless you pay its echo cost.) | When this creature enters or dies, create a 1/1 red Goblin creature token.",Since the beginning;ETB;token generator;WR tokens,60941.0,1,1
Orcish Hellraiser,2,Creature - Orc Warrior,R,Red,"Echo {R} (At the beginning of your upkeep, if this came under your control since the beginning of your last upkeep, sacrifice it unless you pay its echo cost.) | When this creature dies, it deals 2 damage to target player or planeswalker.",MH1 Update,72644.0,3,2
Red Herring,2,Artifact Creature - Clue Fish,R,Red,"Haste | This creature attacks each combat if able. | {2}, Sacrifice this creature: Draw a card.",,121762.0,2,2
Rimrock Knight,2,Creature - Dwarf Knight,R,Red,This creature can't block. // Target creature gets +2/+0 until end of turn. (Then exile this card. You may cast the creature later from exile.),THB Update,78402.0,3,1
Thriving Grubs,2,Creature - Gremlin,R,Red,"When this creature enters, you get {E}{E} (two energy counters). | Whenever this creature attacks, you may pay {E}{E}. If you do, put a +1/+1 counter on it.",,61969.0,2,1
Underworld Rage-Hound,2,Creature - Elemental Dog,R,Red,"This creature attacks each combat if able. | Escape—{3}{R}, Exile three other cards from your graveyard. (You may cast this card from your graveyard for its escape cost.) | This creature escapes with a +1/+1 counter on it.",,79450.0,3,1
Volatile Wanderglyph,2,Artifact Creature - Golem,R,Red,"Whenever this creature becomes tapped, you may discard a card. If you do, draw a card.",,118168.0,2,2
Yavimaya Steelcrusher,2,Creature - Ape Warrior,R,Red,"Enlist (As this creature attacks, you may tap a nonattacking creature you control without summoning sickness. When you do, add its power to this creature's until end of turn.) | {1}, Sacrifice this creature: Destroy target artifact.",,102780.0,2,2
Bogardan Dragonheart,3,Creature - Human Shaman,R,Red,"Sacrifice another creature: Until end of turn, this creature becomes a Dragon with base power and toughness 4/4, flying, and haste.",MH1 Update;evasion,72612.0,2,2
Guttersnipe,3,Creature - Goblin Shaman,R,Red,"Whenever you cast an instant or sorcery spell, this creature deals 2 damage to each opponent.",,114685.0,2,2
Hissing Iguanar,3,Creature - Lizard,R,Red,"Whenever another creature dies, you may have this creature deal 1 damage to target player or planeswalker.",July 2010 Update,70341.0,3,1
Molten Gatekeeper,3,Artifact Creature - Golem,R,Red,"Whenever another creature you control enters, this creature deals 1 damage to each opponent. | Unearth {R} ({R}: Return this card from your graveyard to the battlefield. It gains haste. Exile it at the beginning of the next end step or if it would leave the battlefield. Unearth only as a sorcery.)",,126273.0,2,3
Spelleater Wolverine,3,Creature - Wolverine,R,Red,This creature has double strike as long as there are three or more instant and/or sorcery cards in your graveyard.,,80283.0,3,2
Tuskeri Firewalker,3,Creature - Human Berserker,R,Red,Boast — {1}: Exile the top card of your library. You may play that card this turn. (Activate only if this creature attacked this turn and only once each turn.),KHM/CMR Update,87651.0,3,2
Witty Roastmaster,3,Creature - Devil Citizen,R,Red,"Alliance — Whenever another creature you control enters, this creature deals 1 damage to each opponent.",,98481.0,3,2
Ardent Elementalist,4,Creature - Human Shaman,R,Red,"When this creature enters, return target instant or sorcery card from your graveyard to your hand.",,93222.0,2,1
Beetleback Chief,4,Creature - Goblin Warrior,R,Red,"When this creature enters, create two 1/1 red Goblin creature tokens.",CNS/VMA Update;ETB;token generator;WR tokens,60749.0,2,2
Scholar of Combustion,4,Creature - Human Wizard,R,Red,"When this creature enters, exile up to one target instant or sorcery card from your graveyard. You may cast that card until the end of your next turn. (You still pay its costs. Timing rules still apply.)",,132830.0,3,2
Thriving Skyclaw,4,Creature - Cat Dragon,R,Red,"Flying | When this creature enters, you get {E}{E}{E} (three energy counters). | Whenever this creature attacks, you may pay {E}{E}{E}. If you do, put a +1/+1 counter on it.",,126299.0,3,2
Wildfire Elemental,4,Creature - Elemental,R,Red,"Whenever an opponent is dealt noncombat damage, creatures you control get +1/+0 until end of turn.",M20 Update,73511.0,3,3
Oliphaunt,6,Creature - Elephant,R,Red,"Trample | Whenever this creature attacks, another target creature you control gets +2/+0 and gains trample until end of turn. | Mountaincycling {1} ({1}, Discard this card: Search your library for a Mountain card, reveal it, put it into your hand, then shuffle.)",,112188.0,6,4
Burst Lightning,1,Instant,R,Red,"Kicker {4} (You may pay an additional {4} as you cast this spell.) | Burst Lightning deals 2 damage to any target. If this spell was kicked, it deals 4 damage instead.",Since the beginning;removal;hard removal;Creature Removal,57148.0,,
Galvanic Discharge,1,Instant,R,Red,"Choose target creature or planeswalker. You get {E}{E}{E} (three energy counters), then you may pay any amount of {E}. Galvanic Discharge deals that much damage to that permanent.",,126261.0,,
Lightning Bolt,1,Instant,R,Red,Lightning Bolt deals 3 damage to any target.,Since the beginning;removal;hard removal;Creature Removal,32859.0,,
Abrade,2,Instant,R,Red,Choose one — | • Abrade deals 3 damage to target creature. | • Destroy target artifact.,Creature Removal;2XM/ZNR Update,82262.0,,
Improvised Club,2,Instant,R,Red,"As an additional cost to cast this spell, sacrifice an artifact or creature. | Improvised Club deals 4 damage to any target.",,112184.0,,
Incinerate,2,Instant,R,Red,Incinerate deals 3 damage to any target. A creature dealt damage this way can't be regenerated this turn.,,41135.0,,
Lightning Strike,2,Instant,R,Red,Lightning Strike deals 3 damage to any target.,,102750.0,,
Searing Spear,2,Instant,R,Red,Searing Spear deals 3 damage to any target.,,45526.0,,
Ambitious Assault,3,Instant,R,Red,"Creatures you control get +2/+0 until end of turn. If you control a modified creature, draw a card. (Equipment, Auras you control, and counters are modifications.)",,97194.0,,
Gnawing Crescendo,3,Instant,R,Red,"Creatures you control get +2/+0 until end of turn. Whenever a nontoken creature you control dies this turn, create a 1/1 black Rat creature token with ""This token can't block.""",,116582.0,,
Goblin Surprise,3,Instant,R,Red,Choose one — | • Creatures you control get +2/+0 until end of turn. | • Create two 1/1 red Goblin creature tokens.,,133426.0,,
Sulfurous Blast,4,Instant,R,Red,"Sulfurous Blast deals 2 damage to each creature and each player. If you cast this spell during your main phase, Sulfurous Blast deals 3 damage to each creature and each player instead.",,114751.0,,
Fireblast,6,Instant,R,Red,,,,,
Chain Lightning,1,Sorcery,R,Red,"Chain Lightning deals 3 damage to any target. Then that player or that permanent's controller may pay {R}{R}. If the player does, they may copy this spell and may choose a new target for that copy.",Since the beginning;hard removal;removal;Creature Removal,107715.0,,
Fireball,1,Sorcery,R,Red,,,,,
Firebolt,1,Sorcery,R,Red,Firebolt deals 2 damage to any target. | Flashback {4}{R} (You may cast this card from your graveyard for its flashback cost. Then exile it.),Since the beginning;removal;hard removal;graveyard matters;Creature Removal,60939.0,,
Flame Slash,1,Sorcery,R,Red,Flame Slash deals 4 damage to target creature.,,36640.0,,
Reckless Charge,1,Sorcery,R,Red,Target creature gets +3/+0 and gains haste until end of turn. | Flashback {2}{R} (You may cast this card from your graveyard for its flashback cost. Then exile it.),July 2010 Update,72660.0,,
Forbidden Friendship,2,Creature Sorcery,R,Red,Create a 1/1 red Dinosaur creature token with haste and a 1/1 white Human Soldier creature token.,IKO Update,80247.0,,
Rally at the Hornburg,2,Creature Sorcery,R,Red,Create two 1/1 white Human Soldier creature tokens. Humans you control gain haste until end of turn.,,112194.0,,
Reckless Impulse,2,Sorcery,R,Red,"Exile the top two cards of your library. Until the end of your next turn, you may play those cards.",,94692.0,,
Rolling Thunder,2,Sorcery,R,Red,Rolling Thunder deals X damage divided as you choose among any number of targets.,,9595.0,,
Wrangle,2,Sorcery,R,Red,Gain control of target creature with power 4 or less until end of turn. Untap that creature. It gains haste until end of turn.,,62721.0,,
Wrenn's Resolve,2,Sorcery,R,Red,"Exile the top two cards of your library. Until the end of your next turn, you may play those cards.",,110214.0,,
Hordeling Outburst,3,Creature Sorcery,R,Red,Create three 1/1 red Goblin creature tokens.,UST/RIX/A25 Update;token generator;WR tokens,67182.0,,
Rift Bolt,3,Sorcery,R,Red,"Rift Bolt deals 3 damage to any target. | Suspend 1—{R} (Rather than cast this card from your hand, you may pay {R} and exile it with a time counter on it. At the beginning of your upkeep, remove a time counter. When the last is removed, you may cast it without paying its mana cost.)",EMN Update;removal;Creature Removal,101728.0,,
Skewer the Critics,3,Sorcery,R,Red,Spectacle {R} (You may cast this spell for its spectacle cost rather than its mana cost if an opponent lost life this turn.) | Skewer the Critics deals 3 damage to any target.,RNA Update;removal;hard removal;Creature Removal,71230.0,,
Barbed Batterfist,2,Creature Artifact - Equipment,R,Red,"For Mirrodin! (When this Equipment enters, create a 2/2 red Rebel creature token, then attach this to it.) | Equipped creature gets +1/-1. | Equip {1} ({1}: Attach to target creature you control. Equip only as a sorcery.)",,106457.0,,
Raid Bombardment,3,Enchantment,R,Red,"Whenever a creature you control with power 2 or less attacks, this enchantment deals 1 damage to the player or planeswalker that creature is attacking.",M20 Update,36558.0,,
Teetering Peaks,0,Land,R,Red,"This land enters tapped. | When this land enters, target creature gets +2/+0 until end of turn. | {T}: Add {R}.",,39256.0,,
Arbor Elf,1,Creature - Elf Druid,G,Green,{T}: Untap target Forest.,,35773.0,1,1
Elvish Mystic,1,Creature - Elf Druid,G,Green,{T}: Add {G}.,IKO Update,53460.0,1,1
Experiment One,1,Creature - Human Ooze,G,Green,"Evolve (Whenever a creature you control enters, if that creature has greater power or toughness than this creature, put a +1/+1 counter on this creature.) | Remove two +1/+1 counters from this creature: Regenerate it. (The next time this creature would be destroyed this turn, instead tap it, remove it from combat, and heal all damage on it.)",,101776.0,1,1
Llanowar Elves,1,Creature - Elf Druid,G,Green,{T}: Add {G}.,ELD Update,67801.0,1,1
Nyxborn Hydra,1,Enchantment Creature - Hydra,G,Green,"Bestow {X}{G}{G} (If you cast this card for its bestow cost, it's an Aura spell with enchant creature. It becomes a creature again if it's not attached.) | Reach, trample | This permanent enters with X +1/+1 counters on it. | Enchanted creature gets +1/+1 for each +1/+1 counter on this Aura and has reach and trample.",,126345.0,0,1
Basking Broodscale,2,Creature - Eldrazi Lizard,,Green,"Devoid (This card has no color.) | {1}{G}: Adapt 1. (If this creature has no +1/+1 counters on it, put a +1/+1 counter on it.) | Whenever one or more +1/+1 counters are put on this creature, you may create a 0/1 colorless Eldrazi Spawn creature token with ""Sacrifice this token: Add {C}.""",,126307.0,2,2
Gnarlid Colony,2,Creature - Beast,G,Green,"Kicker {2}{G} (You may pay an additional {2}{G} as you cast this spell.) | If this creature was kicked, it enters with two +1/+1 counters on it. | Each creature you control with a +1/+1 counter on it has trample. (It can deal excess combat damage to the player or planeswalker it's attacking.)",STX Update,83355.0,2,2
Jade Avenger,2,Creature - Frog Samurai,G,Green,"Bushido 2 (Whenever this creature blocks or becomes blocked, it gets +2/+2 until end of turn.)",,90711.0,2,2
Mother Bear,2,Creature - Bear,G,Green,"{3}{G}{G}, Exile this card from your graveyard: Create two 2/2 green Bear creature tokens. Activate only as a sorcery.",MH1 Update;token generator;WG tokens;graveyard matters,72714.0,2,2
Nest Invader,2,Creature - Eldrazi Drone,G,Green,"When this creature enters, create a 0/1 colorless Eldrazi Spawn creature token. It has ""Sacrifice this token: Add {C}.""",,36354.0,2,2
Sakura-Tribe Elder,2,Creature - Snake Shaman,G,Green,"Sacrifice this creature: Search your library for a basic land card, put that card onto the battlefield tapped, then shuffle.",Since the beginning,122506.0,1,1
Voracious Varmint,2,Creature - Varmint,G,Green,"Vigilance | {1}, Sacrifice this creature: Destroy target artifact or enchantment.",,124287.0,2,2
Wall of Roots,2,Creature - Plant Wall,G,Green,Defender | Put a -0/-1 counter on this creature: Add {G}. Activate only once each turn.,AVR Update,7427.0,0,5
Wary Thespian,2,Creature - Cat Druid,G,Green,"When this creature enters or dies, surveil 1. (Look at the top card of your library. You may put it into your graveyard.)",,110318.0,3,1
Werebear,2,Creature - Human Bear Druid,G,Green,{T}: Add {G}. | Threshold — This creature gets +3/+3 as long as seven or more cards are in your graveyard.,ELD Update,60955.0,1,1
Contagious Vorrac,3,Creature - Phyrexian Boar Beast,G,Green,"When this creature enters, look at the top four cards of your library. You may reveal a land card from among them and put it into your hand. Put the rest on the bottom of your library in a random order. If you didn't put a card into your hand this way, proliferate. (Choose any number of permanents and/or players, then give each another counter of each kind already there.)",,106543.0,3,3
Eldrazi Repurposer,3,Creature - Eldrazi Drone,,Green,"Devoid (This card has no color.) | When you cast this spell and when this creature dies, create a 0/1 colorless Eldrazi Spawn creature token with ""Sacrifice this token: Add {C}.""",,126317.0,3,3
Evolution Witness,3,Creature - Elf Shaman Mutant,G,Green,"{1}{G}: Adapt 2. (If this creature has no +1/+1 counters on it, put two +1/+1 counters on it.) | Whenever one or more +1/+1 counters are put on this creature, return target permanent card from your graveyard to your hand.",,126319.0,2,1
Jewel Thief,3,Creature - Cat Rogue,G,Green,"Vigilance, trample | When this creature enters, create a Treasure token. (It's an artifact with ""{T}, Sacrifice this token: Add one mana of any color."")",,98521.0,3,3
Llanowar Visionary,3,Creature - Elf Druid,G,Green,"When this creature enters, draw a card. | {T}: Add {G}.",M21/JMP Update,81613.0,2,2
Phantom Tiger,3,Creature - Cat Spirit,G,Green,"This creature enters with two +1/+1 counters on it. | If damage would be dealt to this creature, prevent that damage. Remove a +1/+1 counter from this creature.",STX Update,17564.0,1,0
Tuskguard Captain,3,Creature - Human Warrior,G,Green,"Outlast {G} ({G}, {T}: Put a +1/+1 counter on this creature. Outlast only as a sorcery.) | Each creature you control with a +1/+1 counter on it has trample.",,101810.0,2,3
Yavimaya Elder,3,Creature - Human Druid,G,Green,"When this creature dies, you may search your library for up to two basic land cards, reveal them, put them into your hand, then shuffle. | {2}, Sacrifice this creature: Draw a card.",Since the beginning;card draw,93710.0,2,1
Bannerhide Krushok,4,Creature - Beast,G,Green,"Trample | Reinforce 2—{1}{G} ({1}{G}, Discard this card: Put two +1/+1 counters on target creature.) | Scavenge {5}{G}{G} ({5}{G}{G}, Exile this card from your graveyard: Put a number of +1/+1 counters equal to this card's power on target creature. Scavenge only as a sorcery.)",AFR/MH2 Update,90675.0,4,4
Blastoderm,4,Creature - Beast,G,Green,,,,,
Bloom Hulk,4,Creature - Plant Elemental,G,Green,"When this creature enters, proliferate. (Choose any number of permanents and/or players, then give each another counter of each kind already there.)",,71914.0,4,4
Hazard of the Dunes,4,Creature - Wurm,G,Green,"Trample, reach | Exhaust — {6}{G}: Put three +1/+1 counters on this creature. (Activate each exhaust ability only once.)",,136453.0,4,4
Jade Guardian,4,Creature - Merfolk Shaman,G,Green,"Hexproof (This creature can't be the target of spells or abilities your opponents control.) | When this creature enters, put a +1/+1 counter on target Merfolk you control.",IKO Update,65408.0,2,2
Sarulf's Packmate,4,Creature - Wolf,G,Green,"When this creature enters, draw a card. | Foretell {1}{G} (During your turn, you may pay {2} and exile this card from your hand face down. Cast it on a later turn for its foretell cost.)",KHM/CMR Update,87727.0,3,3
Treetop Snarespinner,4,Creature - Spider,G,Green,Reach (This creature can block creatures with flying.) | Deathtouch (Any amount of damage this deals to a creature is enough to destroy it.) | {2}{G}: Put a +1/+1 counter on target creature you control. Activate only as a sorcery.,,133796.0,1,4
Urban Daggertooth,4,Creature - Dinosaur,G,Green,"Vigilance | Enrage — Whenever this creature is dealt damage, proliferate. (Choose any number of permanents and/or players, then give each another counter of each kind already there.)",AFR/MH2 Update,90739.0,4,3
Conclave Naturalists,5,Creature - Dryad,G,Green,"When this creature enters, you may destroy target artifact or enchantment.",2XM/ZNR Update,82354.0,4,4
Owlbear,5,Creature - Bird Bear,G,Green,"Trample | Keen Senses — When this creature enters, draw a card.",AFR/MH2 Update,91898.0,4,4
Silverback Shaman,5,Creature - Ape Shaman,G,Green,"Trample | When this creature dies, draw a card.",M20 Update;ETB;card draw,73289.0,5,4
Generous Ent,6,Creature - Treefolk,G,Green,"Reach | When this creature enters, create a Food token. (It's an artifact with ""{2}, {T}, Sacrifice this token: You gain 3 life."") | Forestcycling {1} ({1}, Discard this card: Search your library for a Forest card, reveal it, put it into your hand, then shuffle.)",,112248.0,5,7
Greater Tanuki,6,Enchantment Creature - Dog,G,Green,"Trample | Channel — {2}{G}, Discard this card: Search your library for a basic land card, put it onto the battlefield tapped, then shuffle.",,97318.0,6,5
Hooting Mandrills,6,Creature - Ape,G,Green,Delve (Each card you exile from your graveyard while casting this spell pays for {1}.) | Trample,MM2/ORI Update;evasion;graveyard matters,54040.0,4,4
Annoyed Altisaur,7,Creature - Dinosaur,G,Green,"Reach, trample | Cascade (When you cast this spell, exile cards from the top of your library until you exile a nonland card that costs less. You may cast it without paying its mana cost. Put the exiled cards on the bottom in a random order.)",,101752.0,6,5
Bramble Wurm,7,Creature - Wurm,G,Green,"Reach, trample | When this creature enters, you gain 5 life. | {2}{G}, Exile this card from your graveyard: You gain 5 life.",,135786.0,7,6
Krosan Tusker,7,Creature - Boar Beast,G,Green,"Cycling {2}{G} ({2}{G}, Discard this card: Draw a card.) | When you cycle this card, you may search your library for a basic land card, reveal that card, put it into your hand, then shuffle. (Do this before you draw.)",Since the beginning;card draw,72710.0,6,5
Giant Growth,1,Instant,G,Green,Target creature gets +3/+3 until end of turn.,Since the beginning,71930.0,,
Massive Might,1,Instant,G,Green,Target creature gets +2/+2 and gains trample until end of turn.,,94776.0,,
Snakeskin Veil,1,Instant,G,Green,Put a +1/+1 counter on target creature you control. It gains hexproof until end of turn. (It can't be the target of spells or abilities your opponents control.),STX Update,87731.0,,
Tamiyo's Safekeeping,1,Instant,G,Green,"Target permanent you control gains hexproof and indestructible until end of turn. You gain 2 life. (A permanent with hexproof and indestructible can't be the target of spells or abilities your opponents control. Damage and effects that say ""destroy"" don't destroy it.)",,97366.0,,
Vines of Vastwood,1,Instant,G,Green,"Kicker {G} (You may pay an additional {G} as you cast this spell.) | Target creature can't be the target of spells or abilities your opponents control this turn. If this spell was kicked, that creature gets +4/+4 until end of turn.",Since the beginning,57150.0,,
Grapple with the Past,2,Instant,G,Green,"Mill three cards, then you may return a creature or land card from your graveyard to your hand. (To mill three cards, put the top three cards of your library into your graveyard.)",THB Update,61230.0,,
Ram Through,2,Instant,G,Green,"Target creature you control deals damage equal to its power to target creature you don't control. If the creature you control has trample, excess damage is dealt to that creature's controller instead.",IKO Update;Creature Removal,80349.0,,
Sprout Swarm,2,Instant,G,Green,"Convoke (Your creatures can help cast this spell. Each creature you tap while casting this spell pays for {1} or one mana of that creature's color.) | Buyback {3} (You may pay an additional {3} as you cast this spell. If you do, put this card into your hand as it resolves.) | Create a 1/1 green Saproling creature token.",,26812.0,,
Pulse of Murasa,3,Instant,G,Green,Return target creature or land card from a graveyard to its owner's hand. You gain 6 life.,OGW Update,59261.0,,
Abundant Harvest,1,Sorcery,G,Green,Choose land or nonland. Reveal cards from the top of your library until you reveal a card of the chosen kind. Put that card into your hand and the rest on the bottom of your library in a random order.,AFR/MH2 Update,90671.0,,
Bushwhack,1,Sorcery,G,Green,"Choose one — | • Search your library for a basic land card, reveal it, put it into your hand, then shuffle. | • Target creature you control fights target creature you don't control. (Each deals damage equal to its power to the other.)",,133456.0,,
Horrific Assault,1,Sorcery,G,Green,"Target creature you control deals damage equal to its power to target creature or planeswalker you don't control. If you control an Eldrazi, you gain 3 life.",,126331.0,,
Longstalk Brawl,1,Sorcery,G,Green,"Gift a tapped Fish (You may promise an opponent a gift as you cast this spell. If you do, they create a tapped 1/1 blue Fish creature token before its other effects.) | Choose target creature you control and target creature you don't control. Put a +1/+1 counter on the creature you control if the gift was promised. Then those creatures fight each other.",,129609.0,,
Farseek,2,Sorcery,G,Green,"Search your library for a Plains, Island, Swamp, or Mountain card, put it onto the battlefield tapped, then shuffle.",,23262.0,,
Malevolent Rumble,2,Sorcery,G,Green,"Reveal the top four cards of your library. You may put a permanent card from among them into your hand. Put the rest into your graveyard. Create a 0/1 colorless Eldrazi Spawn creature token with ""Sacrifice this token: Add {C}.""",,126339.0,,
Monstrous Emergence,2,Sorcery,G,Green,"As an additional cost to cast this spell, choose a creature you control or reveal a creature card from your hand. | Monstrous Emergence deals damage equal to the power of the creature you chose or the card you revealed to target creature.",,130513.0,,
Nature's Lore,2,Sorcery,G,Green,,BBD Update,,,
Winding Way,2,Sorcery,G,Green,Choose creature or land. Reveal the top four cards of your library. Put all cards of the chosen type revealed this way into your hand and the rest into your graveyard.,MH1 Update;card selection,72758.0,,
Lead the Stampede,3,Sorcery,G,Green,Look at the top five cards of your library. You may reveal any number of creature cards from among them and put the revealed cards into your hand. Put the rest on the bottom of your library in any order.,,66225.0,,
Trumpeting Herd,4,Creature Sorcery,G,Green,"Create a 3/3 green Elephant creature token. | Rebound (If you cast this spell from your hand, exile it as it resolves. At the beginning of your next upkeep, you may cast this card from exile without paying its mana cost.)",MH1 Update;token generator;WG tokens,72746.0,,
You Meet in a Tavern,4,Sorcery,G,Green,,,,,
Colossal Dreadmask,6,Creature Artifact - Equipment,G,Green,"Living weapon (When this Equipment enters, create a 0/0 black Phyrexian Germ creature token, then attach this to it.) | Equipped creature gets +6/+6 and has trample. | Equip {3}{G}{G}",,126313.0,,
Rancor,1,Enchantment - Aura,G,Green,"Enchant creature | Enchanted creature gets +2/+0 and has trample. | When this Aura is put into a graveyard from the battlefield, return it to its owner's hand.",Since the beginning,12677.0,,
Utopia Sprawl,1,Enchantment - Aura,G,Green,"Enchant Forest | As this Aura enters, choose a color. | Whenever enchanted Forest is tapped for mana, its controller adds an additional one mana of the chosen color.",,24297.0,,
Wild Growth,1,Enchantment - Aura,G,Green,,,,,
Fertile Ground,2,Enchantment - Aura,G,Green,,,,,
Hickory Woodlot,0,Land,,Green,"This land enters tapped with two depletion counters on it. | {T}, Remove a depletion counter from this land: Add {G}{G}. If there are no depletion counters on this land, sacrifice it.",,13409.0,,
Gingerbrute,1,Artifact Creature - Food Golem,,Colorless,"Haste (This creature can attack and {T} as soon as it comes under your control.) | {1}: This creature can't be blocked this turn except by creatures with haste. | {2}, {T}, Sacrifice this creature: You gain 3 life.",ELD Update,78584.0,1,1
Iron Apprentice,1,Artifact Creature - Construct,,Colorless,"This creature enters with a +1/+1 counter on it. | When this creature dies, if it had counters on it, put those counters on target creature you control.",,97446.0,0,0
Vault Skirge,1,Artifact Creature - Imp,,Black,({B/P} can be paid with either {B} or 2 life.) | Flying | Lifelink (Damage dealt by this creature also causes you to gain that much life.),NPH Update;evasion,39770.0,1,1
Perilous Myr,2,Artifact Creature - Myr,,Colorless,"When this creature dies, it deals 2 damage to any target.",SOM Update;Creature Removal,37969.0,1,1
Porcelain Legionnaire,2,Artifact Creature - Soldier,,White,({W/P} can be paid with either {W} or 2 life.) | First strike,NPH Update,39834.0,3,1
Scrapwork Mutt,2,Artifact Creature - Dog,,Red,"When this creature enters, you may discard a card. If you do, draw a card. | Unearth {1}{R} ({1}{R}: Return this card from your graveyard to the battlefield. It gains haste. Exile it at the beginning of the next end step or if it would leave the battlefield. Unearth only as a sorcery.)",,104946.0,2,1
Filigree Familiar,3,Artifact Creature - Fox,,Colorless,"When this creature enters, you gain 2 life. | When this creature dies, draw a card.",KHM/CMR Update,85398.0,2,2
Juggernaut,4,Artifact Creature - Juggernaut,,Colorless,This creature attacks each combat if able. | This creature can't be blocked by Walls.,,107985.0,5,3
Shardless Outlander,7,Artifact Creature - Construct Scout,,Colorless,"Trample (This creature can deal excess combat damage to the player or planeswalker it's attacking.) | Basic landcycling {2} ({2}, Discard this card: Search your library for a basic land card, reveal it, put it into your hand, then shuffle.)",,132848.0,6,5
Ulamog's Crusher,8,Creature - Eldrazi,,Colorless,"Annihilator 2 (Whenever this creature attacks, defending player sacrifices two permanents of their choice.) | This creature attacks each combat if able.",May 2010 Update,70089.0,8,8
Mutagenic Growth,0,Instant,,Green,({G/P} can be paid with either {G} or 2 life.) | Target creature gets +2/+2 until end of turn.,,40000.0,,
Gitaxian Probe,0,Sorcery,,Blue,({U/P} can be paid with either {U} or 2 life.) | Look at target player's hand. | Draw a card.,,39976.0,,
Bonesplitter,1,Artifact - Equipment,,Colorless,Equipped creature gets +2/+0. | Equip {1},Since the beginning,19829.0,,
Candy Trail,1,Artifact - Food Clue,,Colorless,"When this artifact enters, scry 2. | {2}, {T}, Sacrifice this artifact: You gain 3 life and draw a card.",,116874.0,,
Flayer Husk,1,Creature Artifact - Equipment,,Colorless,"Living weapon (When this Equipment enters, create a 0/0 black Phyrexian Germ creature token, then attach this to it.) | Equipped creature gets +1/+1. | Equip {2}",MBS Update;token generator,39583.0,,
Leonin Bola,1,Artifact - Equipment,,Colorless,"Equipped creature has ""{T}, Unattach Leonin Bola: Tap target creature."" | Equip {1} ({1}: Attach to target creature you control. Equip only as a sorcery. This card enters unattached and stays on the battlefield if the creature leaves.)",Since the beginning,20509.0,,
Wayfarer's Bauble,1,Artifact,,Colorless,,Since the beginning,,,
Glimmerlight,2,Artifact - Equipment,,Colorless,"When this Equipment enters, create a 1/1 white Glimmer enchantment creature token. | Equipped creature gets +1/+1. | Equip {1} ({1}: Attach to target creature you control. Equip only as a sorcery.)",,130629.0,,
Guardian Idol,2,Artifact,,Colorless,This artifact enters tapped. | {T}: Add {C}. | {2}: This artifact becomes a 2/2 Golem artifact creature until end of turn.,HOU/XLN/IMA Update,66311.0,,
Mind Stone,2,Artifact,,Colorless,"{T}: Add {C}. | {1}, {T}, Sacrifice this artifact: Draw a card.",Since the beginning;card draw,9135.0,,
Prophetic Prism,2,Artifact,,Colorless,"When this artifact enters, draw a card. | {1}, {T}: Add one mana of any color.",July 2010 Update;card draw;ETB,36758.0,,
Vulshok Morningstar,2,Artifact - Equipment,,Colorless,Equipped creature gets +2/+2. | Equip {2} ({2}: Attach to target creature you control. Equip only as a sorcery.),Since the beginning,20445.0,,
Bonder's Ornament,3,Artifact,,Colorless,"{T}: Add one mana of any color. | {4}, {T}: Each player who controls a permanent named Bonder's Ornament draws a card.",,80715.0,,
Pristine Talisman,3,Artifact,,Colorless,{T}: Add {C}. You gain 1 life.,NPH Update,40004.0,,
Renegade Freighter,3,Artifact - Vehicle,,Colorless,"Whenever this Vehicle attacks, it gets +1/+1 and gains trample until end of turn. | Crew 2 (Tap any number of creatures you control with total power 2 or more: This Vehicle becomes an artifact creature until end of turn.)",CN2/KLD/C16 Update,61593.0,,
Serrated Arrows,4,Artifact,,Colorless,,Since the beginning;removal;hard removal;Creature Removal,,,
Momentary Blink,2,Instant,UW,Multicolored,"Exile target creature you control, then return it to the battlefield under its owner's control. | Flashback {3}{U} (You may cast this card from your graveyard for its flashback cost. Then exile it.)",Since the beginning;flicker and bounce;graveyard matters,25533.0,,
Lyev Skyknight,3,Creature - Human Knight,WU,Multicolored,"Flying | When this creature enters, detain target nonland permanent an opponent controls. (Until your next turn, that permanent can't attack or block and its activated abilities can't be activated.)",,101976.0,3,1
Silver Drake,3,Creature - Drake,UW,Multicolored,"Flying | When this creature enters, return a white or blue creature you control to its owner's hand.",AFR/MH2 Update,15255.0,3,3
Cavern Harpy,2,Creature - Harpy Beast,UB,Multicolored,"Flying | When this creature enters, return a blue or black creature you control to its owner's hand. | Pay 1 life: Return this creature to its owner's hand.",JOU Update;evasion;ETB,15071.0,2,1
Soul Manipulation,3,Instant,BU,Multicolored,Choose one or both — | • Counter target creature spell. | • Return target creature card from your graveyard to your hand.,Since the beginning;graveyard matters,32412.0,,
Dinrova Horror,6,Creature - Horror,UB,Multicolored,"When this creature enters, return target permanent to its owner's hand, then that player discards a card.",MM3 Update;ETB;flicker and bounce;removal;soft removal,63417.0,4,4
Body Dropper,2,Creature - Devil Warrior,BR,Multicolored,"Whenever you sacrifice another creature, put a +1/+1 counter on this creature. | {B}{R}, Sacrifice another creature: This creature gains menace until end of turn. (It can't be blocked except by two or more creatures.)",,98555.0,2,2
Fireblade Artist,2,Creature - Human Shaman,BR,Multicolored,"Haste | At the beginning of your upkeep, you may sacrifice a creature. When you do, this creature deals 2 damage to target opponent or planeswalker.",,101912.0,2,2
Blightning,3,Sorcery,BR,Multicolored,Blightning deals 3 damage to target player or planeswalker. That player or that planeswalker's controller discards two cards.,,30983.0,,
Goblin Anarchomancer,2,Creature - Goblin Shaman,GR,Multicolored,Each spell you cast that's red or green costs {1} less to cast.,AFR/MH2 Update,90777.0,2,2
Branching Bolt,3,Instant,RG,Multicolored,Choose one or both — | • Branching Bolt deals 3 damage to target creature with flying. | • Branching Bolt deals 3 damage to target creature without flying.,Since the beginning;removal;hard removal;Creature Removal,31339.0,,
Writhing Chrysalis,4,Creature - Eldrazi Drone,,Multicolored,"Devoid (This card has no color.) | When you cast this spell, create two 0/1 colorless Eldrazi Spawn creature tokens with ""Sacrifice this token: Add {C}."" | Reach | Whenever you sacrifice another Eldrazi, put a +1/+1 counter on this creature.",,126435.0,2,3
Faithful Watchdog,2,Creature - Dog,GW,Multicolored,Vigilance | This creature enters with three +1/+1 counters on it.,,126387.0,0,0
Armadillo Cloak,3,Enchantment - Aura,GW,Multicolored,"Enchant creature | Enchanted creature gets +2/+2 and has trample. | Whenever enchanted creature deals damage, you gain that much life.",,60653.0,,
Captured by Lagacs,3,Enchantment - Aura,GW,Multicolored,"Enchant creature | Enchanted creature can't attack or block. | When this Aura enters, support 2. (Put a +1/+1 counter on each of up to two target creatures.)",AFR/MH2 Update,90753.0,,
Tithe Drinker,2,Creature - Vampire,BW,Multicolored,,,,,
Kingpin's Pet,3,Creature - Thrull,WB,Multicolored,"Flying | Extort (Whenever you cast a spell, you may pay {W/B}. If you do, each opponent loses 1 life and you gain that much life.)",GTC Update;evasion,47857.0,2,2
Pillory of the Sleepless,3,Enchantment - Aura,BW,Multicolored,"Enchant creature | Enchanted creature can't attack or block. | Enchanted creature has ""At the beginning of your upkeep, you lose 1 life.""",Since the beginning;removal;soft removal,23693.0,,
Goblin Electromancer,2,Creature - Goblin Wizard,UR,Multicolored,Instant and sorcery spells you cast cost {1} less to cast.,UMA Update;spells matter,46363.0,2,2
Izzet Charm,2,Instant,UR,Multicolored,"Choose one — | • Counter target noncreature spell unless its controller pays {2}. | • Izzet Charm deals 2 damage to target creature. | • Draw two cards, then discard two cards.",,101944.0,,
Bloodwater Entity,3,Creature - Elemental,UR,Multicolored,"Flying | Prowess (Whenever you cast a noncreature spell, this creature gets +1/+1 until end of turn.) | When this creature enters, you may put target instant or sorcery card from your graveyard on top of your library.",,101854.0,2,2
Infuse with Vitality,2,Instant,BG,Multicolored,"Until end of turn, target creature gains deathtouch and ""When this creature dies, return it to the battlefield tapped under its owner's control."" | You gain 2 life.",STX Update,88895.0,,
Putrid Leech,2,Creature - Zombie Leech,BG,Multicolored,Pay 2 life: This creature gets +2/+2 until end of turn. Activate only once each turn.,,32340.0,2,2
Dreg Mangler,3,Creature - Plant Zombie,BG,Multicolored,"Haste | Scavenge {3}{B}{G} ({3}{B}{G}, Exile this card from your graveyard: Put a number of +1/+1 counters equal to this card's power on target creature. Scavenge only as a sorcery.)",,101892.0,3,3
Conduit Goblin,2,Creature - Goblin Warrior,RW,Multicolored,"When this creature enters, you get {E}{E} (two energy counters). | At the beginning of combat on your turn, you may pay {E}. If you do, another target creature you control gets +1/+0 and gains haste until end of turn.",,126375.0,2,2
Tenth District Legionnaire,2,Creature - Human Soldier,RW,Multicolored,"Haste | Whenever you cast a spell that targets this creature, put a +1/+1 counter on this creature, then scry 1.",,102050.0,2,2
Rally the Peasants,3,Instant,WR,Multicolored,Creatures you control get +2/+0 until end of turn. | Flashback {2}{R} (You may cast this card from your graveyard for its flashback cost. Then exile it.),EMA Update;graveyard matters,60719.0,,
Coiling Oracle,2,Creature - Snake Elf Druid,GU,Multicolored,"When this creature enters, reveal the top card of your library. If it's a land card, put it onto the battlefield. Otherwise, put that card into your hand.",BBD Update;ETB;card draw,24059.0,1,1
Growth Spiral,2,Instant,GU,Multicolored,Draw a card. You may put a land card from your hand onto the battlefield.,,85702.0,,
Snapping Voidcraw,3,Creature - Eldrazi Turtle,,Multicolored,"Devoid (This card has no color.) | {T}: Add {C}{C}. | {3}{C}, {T}: Draw a card.",,126427.0,1,3
Judge's Familiar,1,Creature - Bird,UW,Hybrid,Flying | Sacrifice this creature: Counter target instant or sorcery spell unless its controller pays {1}.,,120911.0,1,1
Dimir Guildmage,2,Creature - Human Wizard,UB,Hybrid,({U/B} can be paid with either {U} or {B}.) | {3}{U}: Target player draws a card. Activate only as a sorcery. | {3}{B}: Target player discards a card. Activate only as a sorcery.,UMA Update;card draw,70499.0,2,2
Cindering Cutthroat,3,Creature - Lizard Assassin,BR,Hybrid,This creature enters with a +1/+1 counter on it if an opponent lost life this turn. | {1}{B/R}: This creature gains menace until end of turn. (It can't be blocked except by two or more creatures.),,129661.0,3,2
Burning-Tree Emissary,2,Creature - Human Shaman,RG,Hybrid,"When this creature enters, add {R}{G}.",MM3 Update;ETB,63407.0,2,2
Safehold Elite,2,Creature - Elf Scout,GW,Hybrid,"Persist (When this creature dies, if it had no -1/-1 counters on it, return it to the battlefield under its owner's control with a -1/-1 counter on it.)",,29459.0,2,2
Gift of Orzhova,3,Enchantment - Aura,BW,Hybrid,Enchant creature | Enchanted creature gets +1/+1 and has flying and lifelink.,,63411.0,,
Tempest Angler,3,Creature - Otter Wizard,RU,Hybrid,"Whenever you cast a noncreature spell, put a +1/+1 counter on this creature.",,129715.0,2,2
Desecrator Hag,4,Creature - Hag,BG,Hybrid,"When this creature enters, return to your hand the creature card in your graveyard with the greatest power. If two or more cards are tied for greatest power, you choose one of them.",IKO Update,30212.0,2,2
Dog Walker,2,Creature - Human Citizen,RW,Hybrid,"Vigilance | Disguise {R/W}{R/W} (You may cast this card face down for {3} as a 2/2 creature with ward {2}. Turn it face up any time for its disguise cost.) | When this creature is turned face up, create two tapped 1/1 white Dog creature tokens.",,121868.0,3,1
Quandrix Pledgemage,3,Creature - Merfolk Druid,GU,Hybrid,"Magecraft — Whenever you cast or copy an instant or sorcery spell, put a +1/+1 counter on this creature.",,88945.0,2,2
Azorius Chancery,0,Land,WU,Lands,"This land enters tapped. | When this land enters, return a land you control to its owner's hand. | {T}: Add {W}{U}.",,24027.0,,
Skybridge Towers,0,Land,UW,Lands,"This land enters tapped. | {T}: Add {W} or {U}. | {2}{W}{U}, {T}, Sacrifice this land: Draw a card.",,98731.0,,
Tranquil Cove,0,Land,,Lands,"This land enters tapped. | When this land enters, you gain 1 life. | {T}: Add {W} or {U}.",,54464.0,,
Dimir Aqueduct,0,Land,BU,Lands,"This land enters tapped. | When this land enters, return a land you control to its owner's hand. | {T}: Add {U}{B}.",,45144.0,,
Dismal Backwater,0,Land,,Lands,"This land enters tapped. | When this land enters, you gain 1 life. | {T}: Add {U} or {B}.",,54466.0,,
Waterfront District,0,Land,BU,Lands,"This land enters tapped. | {T}: Add {U} or {B}. | {2}{U}{B}, {T}, Sacrifice this land: Draw a card.",,98737.0,,
Jagged Barrens,0,Land - Desert,,Lands,"This land enters tapped. | When this land enters, it deals 1 damage to target opponent. | {T}: Add {B} or {R}.",,124429.0,,
Rakdos Carnarium,0,Land,BR,Lands,,,,,
Tramway Station,0,Land,BR,Lands,"This land enters tapped. | {T}: Add {B} or {R}. | {2}{B}{R}, {T}, Sacrifice this land: Draw a card.",,98735.0,,
Bristling Backwoods,0,Land - Desert,,Lands,"This land enters tapped. | When this land enters, it deals 1 damage to target opponent. | {T}: Add {R} or {G}.",,124417.0,,
Gruul Turf,0,Land,RG,Lands,"This land enters tapped. | When this land enters, return a land you control to its owner's hand. | {T}: Add {R}{G}.",,23851.0,,
Racers' Ring,0,Land,GR,Lands,"This land enters tapped. | {T}: Add {R} or {G}. | {2}{R}{G}, {T}, Sacrifice this land: Draw a card.",,98725.0,,
Botanical Plaza,0,Land,GW,Lands,"This land enters tapped. | {T}: Add {G} or {W}. | {2}{G}{W}, {T}, Sacrifice this land: Draw a card.",,98713.0,,
Radiant Grove,0,Land - Forest Plains,GW,Lands,({T}: Add {G} or {W}.) | This land enters tapped.,,102982.0,,
Selesnya Sanctuary,0,Land,WG,Lands,"This land enters tapped. | When this land enters, return a land you control to its owner's hand. | {T}: Add {G}{W}.",,23248.0,,
Orzhov Basilica,0,Land,BW,Lands,,,,,
Scoured Barrens,0,Land,,Lands,"This land enters tapped. | When this land enters, you gain 1 life. | {T}: Add {W} or {B}.",,54070.0,,
Silverquill Campus,0,Land,BW,Lands,"This land enters tapped. | {T}: Add {W} or {B}. | {4}, {T}: Scry 1.",STX Update,89053.0,,
Eroded Canyon,0,Land - Desert,,Lands,"This land enters tapped. | When this land enters, it deals 1 damage to target opponent. | {T}: Add {U} or {R}.",,124423.0,,
Izzet Boilerworks,0,Land,RU,Lands,,,,,
Prismari Campus,0,Land,RU,Lands,"This land enters tapped. | {T}: Add {U} or {R}. | {4}, {T}: Scry 1.",STX Update,89047.0,,
Golgari Rot Farm,0,Land,BG,Lands,"This land enters tapped. | When this land enters, return a land you control to its owner's hand. | {T}: Add {B}{G}.",,23206.0,,
Haunted Mire,0,Land - Swamp Forest,BG,Lands,({T}: Add {B} or {G}.) | This land enters tapped.,,102972.0,,
Witherbloom Campus,0,Land,BG,Lands,"This land enters tapped. | {T}: Add {B} or {G}. | {4}, {T}: Scry 1.",STX Update,89057.0,,
Abraded Bluffs,0,Land - Desert,,Lands,"This land enters tapped. | When this land enters, it deals 1 damage to target opponent. | {T}: Add {R} or {W}.",,124413.0,,
Boros Garrison,0,Land,WR,Lands,"This land enters tapped. | When this land enters, return a land you control to its owner's hand. | {T}: Add {R}{W}.",,23116.0,,
Lorehold Campus,0,Land,RW,Lands,"This land enters tapped. | {T}: Add {R} or {W}. | {4}, {T}: Scry 1.",STX Update,89043.0,,
Quandrix Campus,0,Land,GU,Lands,"This land enters tapped. | {T}: Add {G} or {U}. | {4}, {T}: Scry 1.",STX Update,89049.0,,
Simic Growth Chamber,0,Land,UG,Lands,"This land enters tapped. | When this land enters, return a land you control to its owner's hand. | {T}: Add {G}{U}.",,24031.0,,
Tangled Islet,0,Land - Forest Island,GU,Lands,({T}: Add {G} or {U}.) | This land enters tapped.,,102992.0,,
Tranquil Landscape,0,Land,,Lands,"{T}: Add {C}. | {T}, Sacrifice this land: Search your library for a basic Forest, Plains, or Island card, put it onto the battlefield tapped, then shuffle. | Cycling {G}{W}{U} ({G}{W}{U}, Discard this card: Draw a card.)",,126481.0,,
Contaminated Landscape,0,Land,,Lands,"{T}: Add {C}. | {T}, Sacrifice this land: Search your library for a basic Plains, Island, or Swamp card, put it onto the battlefield tapped, then shuffle. | Cycling {W}{U}{B} ({W}{U}{B}, Discard this card: Draw a card.)",,126455.0,,
Seething Landscape,0,Land,,Lands,"{T}: Add {C}. | {T}, Sacrifice this land: Search your library for a basic Island, Swamp, or Mountain card, put it onto the battlefield tapped, then shuffle. | Cycling {U}{B}{R} ({U}{B}{R}, Discard this card: Draw a card.)",,126469.0,,
Twisted Landscape,0,Land,,Lands,"{T}: Add {C}. | {T}, Sacrifice this land: Search your library for a basic Swamp, Mountain, or Forest card, put it onto the battlefield tapped, then shuffle. | Cycling {B}{R}{G} ({B}{R}{G}, Discard this card: Draw a card.)",,126483.0,,
Sheltering Landscape,0,Land,,Lands,"{T}: Add {C}. | {T}, Sacrifice this land: Search your library for a basic Mountain, Forest, or Plains card, put it onto the battlefield tapped, then shuffle. | Cycling {R}{G}{W} ({R}{G}{W}, Discard this card: Draw a card.)",,126473.0,,
Shattered Landscape,0,Land,,Lands,"{T}: Add {C}. | {T}, Sacrifice this land: Search your library for a basic Mountain, Plains, or Swamp card, put it onto the battlefield tapped, then shuffle. | Cycling {R}{W}{B} ({R}{W}{B}, Discard this card: Draw a card.)",,126471.0,,
Bountiful Landscape,0,Land,,Lands,"{T}: Add {C}. | {T}, Sacrifice this land: Search your library for a basic Forest, Island, or Mountain card, put it onto the battlefield tapped, then shuffle. | Cycling {G}{U}{R} ({G}{U}{R}, Discard this card: Draw a card.)",,126453.0,,
Deceptive Landscape,0,Land,,Lands,"{T}: Add {C}. | {T}, Sacrifice this land: Search your library for a basic Plains, Swamp, or Forest card, put it onto the battlefield tapped, then shuffle. | Cycling {W}{B}{G} ({W}{B}{G}, Discard this card: Draw a card.)",,126457.0,,
Perilous Landscape,0,Land,,Lands,"{T}: Add {C}. | {T}, Sacrifice this land: Search your library for a basic Island, Mountain, or Plains card, put it onto the battlefield tapped, then shuffle. | Cycling {U}{R}{W} ({U}{R}{W}, Discard this card: Draw a card.)",,126465.0,,
Foreboding Landscape,0,Land,,Lands,"{T}: Add {C}. | {T}, Sacrifice this land: Search your library for a basic Swamp, Forest, or Island card, put it onto the battlefield tapped, then shuffle. | Cycling {B}{G}{U} ({B}{G}{U}, Discard this card: Draw a card.)",,126461.0,,
Basilisk Gate,0,Land - Gate,,Lands,"{T}: Add {C}. | {2}, {T}: Target creature gets +X/+X until end of turn, where X is the number of Gates you control. Activate only as a sorcery.",,100730.0,,
Conduit Pylons,0,Land - Desert,,Lands,"When this land enters, surveil 1. (Look at the top card of your library. You may put it into your graveyard.) | {T}: Add {C}. | {1}, {T}: Add one mana of any color.",,124419.0,,
Desert,0,Land - Desert,,Lands,,Since the beginning;removal;hard removal,,,
Escape Tunnel,0,Land,,Lands,"{T}, Sacrifice this land: Search your library for a basic land card, put it onto the battlefield tapped, then shuffle. | {T}, Sacrifice this land: Target creature with power 2 or less can't be blocked this turn.",,122014.0,,
Haunted Fengraf,0,Land,,Lands,"{T}: Add {C}. | {3}, {T}, Sacrifice this land: Return a creature card at random from your graveyard to your hand.",,43259.0,,
Hidden Grotto,0,Land,,Lands,"When this land enters, surveil 1. (Look at the top card of your library. You may put it into your graveyard.) | {T}: Add {C}. | {1}, {T}: Add one mana of any color.",,129753.0,,
Night Market,0,Land,,Lands,"This land enters tapped. As it enters, choose a color. | {T}: Add one mana of the chosen color. | Cycling {3} ({3}, Discard this card: Draw a card.)",,136639.0,,
Quicksand,0,Land,,Lands,"{T}: Add {C}. | {T}, Sacrifice this land: Target attacking creature without flying gets -1/-2 until end of turn.",,35625.0,,
Tocasia's Dig Site,0,Land,,Lands,"{T}: Add {C}. | {3}, {T}: Surveil 1. (Look at the top card of your library. You may put it into your graveyard.)",,105156.0,,
